date,swt,v,lh,sh,strat,t,rh,sp,cc,ws,sr,st7,st28,st100,st255,sm7,sm28,sm100,sm255,tp,pev,q_gwlf,doc_gwlf,depth,doc
2007-01-10,8.27971,97091402.270955,-33.24272,-0.800705,0.351748,8.62416656666667,82.144693875,972.184576666667,61,7.60165260833333,94.375,6.9449998625,6.86583325833333,7.28458327083333,11.0095830625,0.289625,0.299583333333333,0.306,0.307,0,1.100684645,24.2864,2.25605,5,226.792
2007-01-10,8.27971,97091402.270955,-33.24272,-0.800705,0.351748,8.62416656666667,82.144693875,972.184576666667,61,7.60165260833333,94.375,6.9449998625,6.86583325833333,7.28458327083333,11.0095830625,0.289625,0.299583333333333,0.306,0.307,0,1.100684645,24.2864,2.25605,0,218.3
2007-02-07,7.31044,92389102.270955,-43.35475,-5.169825,0.260573,7.36374990833333,73.0832141666667,952.349735833333,40.1666666666667,5.94968927916667,108.166666666667,5.83666664583333,5.66999995,6.12833332083333,8.8825,0.271916666666667,0.274458333333333,0.294583333333333,0.305958333333333,0,1.342844104,18.1634,2.22713,0,214.886
2007-02-07,7.31044,92389102.270955,-43.35475,-5.169825,0.260573,7.36374990833333,73.0832141666667,952.349735833333,40.1666666666667,5.94968927916667,108.166666666667,5.83666664583333,5.66999995,6.12833332083333,8.8825,0.271916666666667,0.274458333333333,0.294583333333333,0.305958333333333,0,1.342844104,18.1634,2.22713,5,212.722
2007-03-07,8.04143,96058802.270955,-48.717305,-2.154226,0.207408,9.00958315,77.8739179583333,955.615688333333,63.4166666666667,8.7016179625,137.541666666667,9.30333327916667,9.0762499375,9.18666666666667,8.42,0.330916666666667,0.308333333333333,0.281583333333333,0.304,7.1,1.703925986,14.0853,2.22447,0,213.721
2007-03-07,8.04143,96058802.270955,-48.717305,-2.154226,0.207408,9.00958315,77.8739179583333,955.615688333333,63.4166666666667,8.7016179625,137.541666666667,9.30333327916667,9.0762499375,9.18666666666667,8.42,0.330916666666667,0.308333333333333,0.281583333333333,0.304,7.1,1.703925986,14.0853,2.22447,2,219.049
2007-03-07,8.04143,96058802.270955,-48.717305,-2.154226,0.207408,9.00958315,77.8739179583333,955.615688333333,63.4166666666667,8.7016179625,137.541666666667,9.30333327916667,9.0762499375,9.18666666666667,8.42,0.330916666666667,0.308333333333333,0.281583333333333,0.304,7.1,1.703925986,14.0853,2.22447,5,232.953
2007-04-12,9.745819,108087702.270955,-28.329407,-2.257614,0.255668,10.9512498541667,91.087973625,961.611879166667,98.3333333333333,14.6452412708333,65.9583333333333,10.530416625,9.6325,8.9470833125,8.2699995,0.372708333333333,0.350666666666667,0.316958333333333,0.302,16.2,0.8769120754,26.0293,2.03364,0,267.188
2007-04-12,9.745819,108087702.270955,-28.329407,-2.257614,0.255668,10.9512498541667,91.087973625,961.611879166667,98.3333333333333,14.6452412708333,65.9583333333333,10.530416625,9.6325,8.9470833125,8.2699995,0.372708333333333,0.350666666666667,0.316958333333333,0.302,16.2,0.8769120754,26.0293,2.03364,3,263.901
2007-04-12,9.745819,108087702.270955,-28.329407,-2.257614,0.255668,10.9512498541667,91.087973625,961.611879166667,98.3333333333333,14.6452412708333,65.9583333333333,10.530416625,9.6325,8.9470833125,8.2699995,0.372708333333333,0.350666666666667,0.316958333333333,0.302,16.2,0.8769120754,26.0293,2.03364,5,258.846
2007-05-09,17.815333,97491302.270955,-14.935953,-0.478855,0.222575,17.3491667916667,76.7719290416667,971.9459225,5,4.6603149125,309.458333333333,15.9950003333333,14.609583375,11.942916625,9.7679161875,0.3105,0.336083333333333,0.295416666666667,0.301,0,4.693477195,21.7802,2.35846,0,241.958
2007-05-09,17.815333,97491302.270955,-14.935953,-0.478855,0.222575,17.3491667916667,76.7719290416667,971.9459225,5,4.6603149125,309.458333333333,15.9950003333333,14.609583375,11.942916625,9.7679161875,0.3105,0.336083333333333,0.295416666666667,0.301,0,4.693477195,21.7802,2.35846,5,258.846
2007-06-07,20.814396,79237602.270955,-29.315173,-2.710827,0.146603,18.5700005,75.1073080416667,962.29490125,68.9583333333333,5.69410051541667,257.125,17.6366669166667,16.61583375,14.7116666041667,11.9575,0.353875,0.343333333333333,0.282291666666667,0.297,0,4.146363679,16.2476,2.36184,5,176.567
2007-06-07,20.814396,79237602.270955,-29.315173,-2.710827,0.146603,18.5700005,75.1073080416667,962.29490125,68.9583333333333,5.69410051541667,257.125,17.6366669166667,16.61583375,14.7116666041667,11.9575,0.353875,0.343333333333333,0.282291666666667,0.297,0,4.146363679,16.2476,2.36184,0,178.21
2007-07-04,22.557615,92312002.270955,-66.100918,-8.717104,0.146566,19.0783338333333,80.3455333333333,965.232898333333,86.2916666666667,6.2110767075,138.75,19.5179171666667,19.4450004583333,17.9054166666667,14.3470833333333,0.226958333333333,0.239083333333333,0.268291666666667,0.293,4.4,2.325882867,12.9054,2.39048,0,214.838
2007-07-04,22.557615,92312002.270955,-66.100918,-8.717104,0.146566,19.0783338333333,80.3455333333333,965.232898333333,86.2916666666667,6.2110767075,138.75,19.5179171666667,19.4450004583333,17.9054166666667,14.3470833333333,0.226958333333333,0.239083333333333,0.268291666666667,0.293,4.4,2.325882867,12.9054,2.39048,5,211.681
2007-08-01,25.357252,97331102.270954,-227.980517,-17.435291,0.145827,22.4450003333333,80.1880174583333,963.351449166667,15.8333333333333,9.20803077083333,306,22.2908339166667,21.35958375,20.05541775,16.4720839583333,0.21,0.213458333333333,0.246708333333333,0.288,0,5.009836405,8.69867,2.43031,5,208.908
2007-08-01,25.357252,97331102.270954,-227.980517,-17.435291,0.145827,22.4450003333333,80.1880174583333,963.351449166667,15.8333333333333,9.20803077083333,306,22.2908339166667,21.35958375,20.05541775,16.4720839583333,0.21,0.213458333333333,0.246708333333333,0.288,0,5.009836405,8.69867,2.43031,0,249.018
2007-09-05,24.144648,108655702.270953,-71.275211,-8.242523,0.145827,16.8679170833333,64.4352145,969.126875,53.4166666666667,5.4255890125,184.5,17.2554170208333,17.888750625,18.80541725,17.91375,0.347083333333333,0.33175,0.327416666666667,0.289,4.1,3.016168489,13.8165,1.88371,0,227.813
2007-09-05,24.144648,108655702.270953,-71.275211,-8.242523,0.145827,16.8679170833333,64.4352145,969.126875,53.4166666666667,5.4255890125,184.5,17.2554170208333,17.888750625,18.80541725,17.91375,0.347083333333333,0.33175,0.327416666666667,0.289,4.1,3.016168489,13.8165,1.88371,5,218.17
2007-10-10,20.14317,79376102.270954,-17.278651,-3.112765,0.144673,14.7116665833333,93.8067738333333,967.52639375,97.9166666666667,5.8013333875,91.5,15.7220835208333,15.8554168125,16.8741671666667,17.570002,0.421125,0.41275,0.341625,0.290583333333333,40.4,1.269184786,51.7756,1.6693,0,206.689
2007-11-07,15.083265,55306302.270953,-71.699722,-14.712995,0.149149,9.86583337083333,80.7101757083333,973.06374875,15.5,5.19263940833333,129.875,9.27833322083333,9.98666654166667,11.8470833333333,15.705416625,0.287375,0.305708333333333,0.334041666666667,0.299,0,1.6833505902,8.10347,2.45306,0,205.728
2007-11-07,15.083265,55306302.270953,-71.699722,-14.712995,0.149149,9.86583337083333,80.7101757083333,973.06374875,15.5,5.19263940833333,129.875,9.27833322083333,9.98666654166667,11.8470833333333,15.705416625,0.287375,0.305708333333333,0.334041666666667,0.299,0,1.6833505902,8.10347,2.45306,5,212.472
2007-12-12,9.857897,44936202.270953,-84.74168,-18.712048,0.25357,4.001249978125,54.7140519166667,972.72937125,0,5.96927074583333,100.833333333333,2.58666667166667,4.1345833,7.9866666125,11.8970833333333,0.2285,0.254083333333333,0.279416666666667,0.298541666666667,0,1.2745219297,5.62089,2.51625,0,224.794
2007-12-12,9.857897,44936202.270953,-84.74168,-18.712048,0.25357,4.001249978125,54.7140519166667,972.72937125,0,5.96927074583333,100.833333333333,2.58666667166667,4.1345833,7.9866666125,11.8970833333333,0.2285,0.254083333333333,0.279416666666667,0.298541666666667,0,1.2745219297,5.62089,2.51625,5,216.635
2008-01-16,6.587621,48333702.270953,-68.45842,-4.281544,0.253578,7.84708332083333,71.1421908333333,955.34037125,54.125,10.2065889083333,86.5416666666667,6.86166659583333,6.18874995,6.4325,8.4075,0.323333333333333,0.327916666666667,0.292,0.306,0,1.26291185629,5.22553,2.55278,0,309.55
2008-01-16,6.587621,48333702.270953,-68.45842,-4.281544,0.253578,7.84708332083333,71.1421908333333,955.34037125,54.125,10.2065889083333,86.5416666666667,6.86166659583333,6.18874995,6.4325,8.4075,0.323333333333333,0.327916666666667,0.292,0.306,0,1.26291185629,5.22553,2.55278,5,297.477
2008-02-06,6.613977,51598502.270954,-22.947032,0.768762,0.263849,7.69916662583333,70.103756625,976.53746875,0,5.46931795,138.333333333333,5.90124992333333,5.60958327083333,6.54083328333333,7.70958333333333,0.315666666666667,0.297375,0.273833333333333,0.305,0,1.7615294176,5.51676,2.52925,0,325.701
2008-02-06,6.613977,51598502.270954,-22.947032,0.768762,0.263849,7.69916662583333,70.103756625,976.53746875,0,5.46931795,138.333333333333,5.90124992333333,5.60958327083333,6.54083328333333,7.70958333333333,0.315666666666667,0.297375,0.273833333333333,0.305,0,1.7615294176,5.51676,2.52925,5,314.045
2008-03-12,8.114481,32403502.270954,-0.343183,0.318523,0.259031,11.3033332291667,80.9968974166667,966.395631666667,80.125,4.28895464166667,118.083333333333,9.48458327083333,8.299166525,7.13666659166667,7.22416666666667,0.28825,0.278541666666667,0.261,0.302,0,1.5837183569,3.8336,2.64085,2,261.177
2008-03-12,8.114481,32403502.270954,-0.343183,0.318523,0.259031,11.3033332291667,80.9968974166667,966.395631666667,80.125,4.28895464166667,118.083333333333,9.48458327083333,8.299166525,7.13666659166667,7.22416666666667,0.28825,0.278541666666667,0.261,0.302,0,1.5837183569,3.8336,2.64085,5,251.769
2008-03-12,8.114481,32403502.270954,-0.343183,0.318523,0.259031,11.3033332291667,80.9968974166667,966.395631666667,80.125,4.28895464166667,118.083333333333,9.48458327083333,8.299166525,7.13666659166667,7.22416666666667,0.28825,0.278541666666667,0.261,0.302,0,1.5837183569,3.8336,2.64085,0,268.088
2008-04-02,10.851656,32442402.270954,-14.251204,1.389442,0.173877,12.5450000958333,62.0914114583333,970.6654325,74.4583333333333,5.09600737083333,246.208333333333,10.594999925,9.06166654583333,8.06791647916667,7.42416666666667,0.330208333333333,0.333625,0.257416666666667,0.3,0,3.5650537103,7.41192,2.6259,5,317.542
2008-04-02,10.851656,32442402.270954,-14.251204,1.389442,0.173877,12.5450000958333,62.0914114583333,970.6654325,74.4583333333333,5.09600737083333,246.208333333333,10.594999925,9.06166654583333,8.06791647916667,7.42416666666667,0.330208333333333,0.333625,0.257416666666667,0.3,0,3.5650537103,7.41192,2.6259,0,307.801
2008-05-07,15.657367,37414602.270954,-86.291028,-4.394378,0.255452,15.3429168958333,69.6555348333333,965.998914166667,71.1666666666667,7.02351362916667,276.375,15.0116668333333,13.782499875,11.6741666041667,8.753333,0.23775,0.274,0.2665,0.296,0,4.0894465964,8.94303,2.50219,0,252.519
2008-05-07,15.657367,37414602.270954,-86.291028,-4.394378,0.255452,15.3429168958333,69.6555348333333,965.998914166667,71.1666666666667,7.02351362916667,276.375,15.0116668333333,13.782499875,11.6741666041667,8.753333,0.23775,0.274,0.2665,0.296,0,4.0894465964,8.94303,2.50219,2,255.433
2008-05-07,15.657367,37414602.270954,-86.291028,-4.394378,0.255452,15.3429168958333,69.6555348333333,965.998914166667,71.1666666666667,7.02351362916667,276.375,15.0116668333333,13.782499875,11.6741666041667,8.753333,0.23775,0.274,0.2665,0.296,0,4.0894465964,8.94303,2.50219,5,238.032
2008-06-04,18.334268,125393602.270954,-0.087369,-0.012148,0.156663,15.4887503125,86.7109677916667,965.036457083333,50.3333333333333,4.84111127916667,228.166666666667,15.1408335625,14.1116665625,13.1429166666667,10.5429163958333,0.417083333333333,0.417958333333333,0.371,0.298,9.6,3.246497601,49.4301,2.42222,0,279.744
2008-06-04,18.334268,125393602.270954,-0.087369,-0.012148,0.156663,15.4887503125,86.7109677916667,965.036457083333,50.3333333333333,4.84111127916667,228.166666666667,15.1408335625,14.1116665625,13.1429166666667,10.5429163958333,0.417083333333333,0.417958333333333,0.371,0.298,9.6,3.246497601,49.4301,2.42222,3,268.92
2008-06-04,18.334268,125393602.270954,-0.087369,-0.012148,0.156663,15.4887503125,86.7109677916667,965.036457083333,50.3333333333333,4.84111127916667,228.166666666667,15.1408335625,14.1116665625,13.1429166666667,10.5429163958333,0.417083333333333,0.417958333333333,0.371,0.298,9.6,3.246497601,49.4301,2.42222,5,288.902
2008-07-02,23.39294,136693602.270955,-221.829463,-14.034475,0.209126,22.0137507083333,75.14385725,961.832841666667,38.8333333333333,9.16752358333333,319.875,21.7929175,20.9804173333333,18.2283340416667,12.87625,0.257041666666667,0.298416666666667,0.349333333333333,0.316,0,5.10696471,24.1257,2.57966,5,288.902
2008-07-02,23.39294,136693602.270955,-221.829463,-14.034475,0.209126,22.0137507083333,75.14385725,961.832841666667,38.8333333333333,9.16752358333333,319.875,21.7929175,20.9804173333333,18.2283340416667,12.87625,0.257041666666667,0.298416666666667,0.349333333333333,0.316,0,5.10696471,24.1257,2.57966,0,270.585
2008-07-02,23.39294,136693602.270955,-221.829463,-14.034475,0.209126,22.0137507083333,75.14385725,961.832841666667,38.8333333333333,9.16752358333333,319.875,21.7929175,20.9804173333333,18.2283340416667,12.87625,0.257041666666667,0.298416666666667,0.349333333333333,0.316,0,5.10696471,24.1257,2.57966,3,24.1445
2008-07-30,25.050245,117516602.270955,-215.726064,-9.279696,0.174647,23.5345838333333,69.4888107083333,966.500734583333,17.9166666666667,6.5130445,314.916666666667,22.561667375,21.59708375,19.3929168333333,15.5679165416667,0.2345,0.281916666666667,0.314916666666667,0.314,0,5.54445406532,18.2157,2.52055,0,273.916
2008-07-30,25.050245,117516602.270955,-215.726064,-9.279696,0.174647,23.5345838333333,69.4888107083333,966.500734583333,17.9166666666667,6.5130445,314.916666666667,22.561667375,21.59708375,19.3929168333333,15.5679165416667,0.2345,0.281916666666667,0.314916666666667,0.314,0,5.54445406532,18.2157,2.52055,3,273.916
2008-09-03,22.837786,94369602.270955,-180.124679,-12.505457,0.14628,22.234583875,81.7354718333333,960.740542916667,61.0833333333333,10.0046649125,207.75,21.636667375,20.6866670833333,19.6116673333333,17.9116666666667,0.231458333333333,0.236375,0.280208333333333,0.308,0.1,3.575867828,12.6807,2.52398,5,344.518
2008-09-03,22.837786,94369602.270955,-180.124679,-12.505457,0.14628,22.234583875,81.7354718333333,960.740542916667,61.0833333333333,10.0046649125,207.75,21.636667375,20.6866670833333,19.6116673333333,17.9116666666667,0.231458333333333,0.236375,0.280208333333333,0.308,0.1,3.575867828,12.6807,2.52398,0,348.347
2008-10-08,17.953094,73999602.270955,-11.734457,-2.014725,0.16478,14.5262499791667,76.3734193333333,964.55642375,88.8333333333333,5.38512190833333,124.958333333333,15.0512500208333,15.3637498958333,15.1491666666667,17.4845840416667,0.318458333333333,0.317666666666667,0.268583333333333,0.305,1.5,1.7959884198,8.80117,2.53742,0,243.209
2008-11-05,14.148972,108743602.270954,-9.591968,-2.234954,0.177584,9.14083324583333,83.9618417083333,960.3665475,99.8333333333333,5.0730186125,73.875,8.87208325,9.4491665625,12.492916625,16.2554172083333,0.374791666666667,0.381333333333333,0.323458333333333,0.304,0,0.977267166,51.4106,2.52206,0,233.635
2008-12-03,10.087474,102836602.270954,-137.190838,-41.358153,0.251641,3.36999996783333,75.5471604166667,957.053134583333,53.2916666666667,7.49407238333333,85.6666666666667,3.32416666375,3.89499994583333,7.35124995,13.1575,0.348083333333333,0.34875,0.326416666666667,0.305,0.7,0.947382469684,9.03001,2.56747,0,254.462
2009-01-14,6.925948,129253602.270953,-43.113233,-7.92069,0.291549,5.88666664166667,76.663867375,962.445627916667,48.5416666666667,4.56526579166667,92.625,4.169999975,3.29083331666667,5.0012499625,8.86791666666667,0.349541666666667,0.359875,0.378541666666667,0.324333333333333,0,1.038680933,20.4053,2.60265,0,312.963
2009-02-11,6.704304,136136602.270953,-66.547236,-17.02879,0.251386,4.27833330416667,78.1919323333333,964.114300416667,72.2083333333333,5.837827625,84.125,5.57833325,5.88041649166667,6.09083315833333,7.37,0.392416666666667,0.389958333333333,0.3795,0.334,1.2,0.999648242,20.9273,2.65835,0,275.248
2009-02-11,6.704304,136136602.270953,-66.547236,-17.02879,0.251386,4.27833330416667,78.1919323333333,964.114300416667,72.2083333333333,5.837827625,84.125,5.57833325,5.88041649166667,6.09083315833333,7.37,0.392416666666667,0.389958333333333,0.3795,0.334,1.2,0.999648242,20.9273,2.65835,2.5,275.331
2009-03-11,8.853396,134026602.270953,-0.410537,-0.015792,0.293908,9.3262499,82.1874716666667,968.996875833333,77.5833333333333,4.8179686875,117.416666666667,8.1283332875,7.5262499125,6.69083333333333,6.77,0.329166666666667,0.337083333333333,0.336583333333333,0.337,0,1.503695646,17.5247,2.6316,5,288.319
2009-03-11,8.853396,134026602.270953,-0.410537,-0.015792,0.293908,9.3262499,82.1874716666667,968.996875833333,77.5833333333333,4.8179686875,117.416666666667,8.1283332875,7.5262499125,6.69083333333333,6.77,0.329166666666667,0.337083333333333,0.336583333333333,0.337,0,1.503695646,17.5247,2.6316,0,295.313
2009-04-01,11.723956,142748602.270953,-33.227904,-5.771326,0.266125,9.56166660416667,80.874841625,956.690539583333,88.2916666666667,9.85415100833333,147.291666666667,9.0324998875,8.08249984583333,7.9783335,7.245,0.400625,0.371916666666667,0.3105,0.334666666666667,3.8,1.848944134,19.3445,2.65982,0,284.406
2009-05-06,17.187784,155590602.270954,-16.731515,-0.494225,0.182827,16.8512501458333,70.2264489166667,969.556392083333,17.125,5.17143774166667,304.125,15.1241669791667,13.57833325,11.4116666041667,8.5616665625,0.336125,0.357458333333333,0.373541666666667,0.339,0,4.6392081943,26.7881,2.69498,2,255.599
2009-05-06,17.187784,155590602.270954,-16.731515,-0.494225,0.182827,16.8512501458333,70.2264489166667,969.556392083333,17.125,5.17143774166667,304.125,15.1241669791667,13.57833325,11.4116666041667,8.5616665625,0.336125,0.357458333333333,0.373541666666667,0.339,0,4.6392081943,26.7881,2.69498,5,180.418
2009-05-06,17.187784,155590602.270954,-16.731515,-0.494225,0.182827,16.8512501458333,70.2264489166667,969.556392083333,17.125,5.17143774166667,304.125,15.1241669791667,13.57833325,11.4116666041667,8.5616665625,0.336125,0.357458333333333,0.373541666666667,0.339,0,4.6392081943,26.7881,2.69498,0,279.827
2009-06-03,23.013244,153866602.270955,-60.209806,-4.032169,0.174364,20.1804170833333,66.9862514166667,963.159065833333,31.125,6.3424071875,306.541666666667,18.988750375,17.736667125,15.5283330625,11.2137498958333,0.24075,0.26825,0.324958333333333,0.337,0,5.17740977219,18.9883,2.61598,5,169.072
2009-06-03,23.013244,153866602.270955,-60.209806,-4.032169,0.174364,20.1804170833333,66.9862514166667,963.159065833333,31.125,6.3424071875,306.541666666667,18.988750375,17.736667125,15.5283330625,11.2137498958333,0.24075,0.26825,0.324958333333333,0.337,0,5.17740977219,18.9883,2.61598,0,312.967
2009-06-03,23.013244,153866602.270955,-60.209806,-4.032169,0.174364,20.1804170833333,66.9862514166667,963.159065833333,31.125,6.3424071875,306.541666666667,18.988750375,17.736667125,15.5283330625,11.2137498958333,0.24075,0.26825,0.324958333333333,0.337,0,5.17740977219,18.9883,2.61598,3,299.275
2009-07-01,24.828842,156036602.270955,-57.170778,-2.134844,0.125784,24.3512506666667,63.6545184583333,967.58696625,23.875,6.3363297125,313.458333333333,23.4241670416667,22.097083625,18.4491671666667,14.0908333125,0.223458333333333,0.260583333333333,0.303291666666667,0.331,1,5.7292369215,14.6027,2.64144,0,249.713
2009-07-01,24.828842,156036602.270955,-57.170778,-2.134844,0.125784,24.3512506666667,63.6545184583333,967.58696625,23.875,6.3363297125,313.458333333333,23.4241670416667,22.097083625,18.4491671666667,14.0908333125,0.223458333333333,0.260583333333333,0.303291666666667,0.331,1,5.7292369215,14.6027,2.64144,3,241.498
2009-07-01,24.828842,156036602.270955,-57.170778,-2.134844,0.125784,24.3512506666667,63.6545184583333,967.58696625,23.875,6.3363297125,313.458333333333,23.4241670416667,22.097083625,18.4491671666667,14.0908333125,0.223458333333333,0.260583333333333,0.303291666666667,0.331,1,5.7292369215,14.6027,2.64144,5,220.277
2009-07-29,25.100773,155534602.270955,-72.36547,-3.43245,0.17013,23.1095837916667,73.3360985416667,966.806065416667,0,7.38160633333333,316.541666666667,22.8262509583333,22.245001,20.4054167916667,16.6700002083333,0.159083333333333,0.223041666666667,0.278,0.324,0,5.480318499,10.6208,2.56187,0,235.337
2009-07-29,25.100773,155534602.270955,-72.36547,-3.43245,0.17013,23.1095837916667,73.3360985416667,966.806065416667,0,7.38160633333333,316.541666666667,22.8262509583333,22.245001,20.4054167916667,16.6700002083333,0.159083333333333,0.223041666666667,0.278,0.324,0,5.480318499,10.6208,2.56187,5,247.523
2009-09-03,25.623987,134076602.270954,-95.344964,-9.196126,0.169105,22.10125075,78.862943875,963.558780833333,76.25,5.83806527083333,153.75,22.0679173333333,21.9116671666667,21.27,19.2595835416667,0.208458333333333,0.210583333333333,0.253583333333333,0.315,1,2.77618593044,7.31043,2.55085,0,271.879
2009-09-03,25.623987,134076602.270954,-95.344964,-9.196126,0.169105,22.10125075,78.862943875,963.558780833333,76.25,5.83806527083333,153.75,22.0679173333333,21.9116671666667,21.27,19.2595835416667,0.208458333333333,0.210583333333333,0.253583333333333,0.315,1,2.77618593044,7.31043,2.55085,5,246.633
2009-10-07,20.642135,118389602.270954,-153.378182,-8.605345,0.174961,19.5033336875,77.3908881666667,966.74150625,36.7083333333333,6.73512404583333,178.416666666667,18.7595838333333,18.50750075,17.8845838333333,18.87,0.277916666666667,0.290333333333333,0.235,0.309,0,2.934224647,5.14353,2.67328,3,235.976
2009-10-07,20.642135,118389602.270954,-153.378182,-8.605345,0.174961,19.5033336875,77.3908881666667,966.74150625,36.7083333333333,6.73512404583333,178.416666666667,18.7595838333333,18.50750075,17.8845838333333,18.87,0.277916666666667,0.290333333333333,0.235,0.309,0,2.934224647,5.14353,2.67328,0,239.945
2009-11-11,14.933599,124771602.270954,-88.057352,-19.346696,0.136694,8.319999925,77.0101728333333,958.249197916667,50,4.7920171125,64.75,7.44083324583333,7.7366666,11.7387499583333,16.7075004166667,0.340958333333333,0.34625,0.272,0.305,0,0.869171974,3.86368,2.83763,0,262.273
2009-11-11,14.933599,124771602.270954,-88.057352,-19.346696,0.136694,8.319999925,77.0101728333333,958.249197916667,50,4.7920171125,64.75,7.44083324583333,7.7366666,11.7387499583333,16.7075004166667,0.340958333333333,0.34625,0.272,0.305,0,0.869171974,3.86368,2.83763,3,282.202
2009-12-02,11.701645,126207602.270954,-99.523907,-21.727142,0.38453,7.2429166,74.015321875,961.564117916667,51.2083333333333,5.75666204583333,93.625,6.05333326666667,6.46791662916667,10.5866665625,14.8345832708333,0.3095,0.2965,0.273,0.304,0,1.11299090376,3.18136,2.63457,0,290.999
2009-12-02,11.701645,126207602.270954,-99.523907,-21.727142,0.38453,7.2429166,74.015321875,961.564117916667,51.2083333333333,5.75666204583333,93.625,6.05333326666667,6.46791662916667,10.5866665625,14.8345832708333,0.3095,0.2965,0.273,0.304,0,1.11299090376,3.18136,2.63457,4,226.366
2010-01-12,7.444249,122211602.270954,-100.588746,-38.030563,0.12533,0.9637499875,83.4398860416667,957.821675,79.2916666666667,7.73106454166667,79.9583333333333,-0.250833326416667,1.59291666666667,5.651249925,10.4866664375,0.351,0.34725,0.2575,0.217,3.2,0.75886272685,3.38599,3.17629,0,205.404
2010-02-10,6.675912,131011602.270956,-25.220282,-7.530348,0.265463,3.16583331104167,84.0729065416667,949.448792083333,76.6666666666667,5.436212125,108.791666666667,4.55124997083333,4.7574999375,5.782499925,8.21166666666667,0.402541666666667,0.386625,0.270708333333333,0.218,4.3,1.092138441,3.55595,3.36058,0,234.513
2010-03-24,10.905008,135933602.270955,-14.844477,-0.853895,0.387951,10.9554166041667,87.17370975,961.843684583333,94.125,5.77479173333333,127.291666666667,10.8449998541667,9.68249983333333,7.96791665833333,6.8199997,0.328208333333333,0.314541666666667,0.292083333333333,0.223,0,1.6498870345,12.7535,3.0155,0,251.147
2010-03-24,10.905008,135933602.270955,-14.844477,-0.853895,0.387951,10.9554166041667,87.17370975,961.843684583333,94.125,5.77479173333333,127.291666666667,10.8449998541667,9.68249983333333,7.96791665833333,6.8199997,0.328208333333333,0.314541666666667,0.292083333333333,0.223,0,1.6498870345,12.7535,3.0155,5,227.444
2010-04-14,11.055255,131355602.270954,-17.657599,-3.313669,0.132432,8.7283332625,72.4492261666667,960.067654166667,67.2083333333333,4.78778752916667,116.041666666667,8.20541662083333,8.03249994583333,8.91374991666667,7.5699997,0.31475,0.28725,0.264416666666667,0.223,0.4,1.6563534485,10.551,2.62093,0,233.453
2010-04-14,11.055255,131355602.270954,-17.657599,-3.313669,0.132432,8.7283332625,72.4492261666667,960.067654166667,67.2083333333333,4.78778752916667,116.041666666667,8.20541662083333,8.03249994583333,8.91374991666667,7.5699997,0.31475,0.28725,0.264416666666667,0.223,0.4,1.6563534485,10.551,2.62093,5,227.708
2010-05-11,15.598645,142223602.270953,-31.763185,-1.960345,0.277001,15.4345835,70.1357041666667,954.042043333333,59.9166666666667,5.94831902916667,289.458333333333,14.597083375,13.1574999166667,10.9762499583333,9.01166625,0.335125,0.352875,0.306625,0.224,0.4,4.245837841,35.0292,2.66949,5,290.65
2010-05-11,15.598645,142223602.270953,-31.763185,-1.960345,0.277001,15.4345835,70.1357041666667,954.042043333333,59.9166666666667,5.94831902916667,289.458333333333,14.597083375,13.1574999166667,10.9762499583333,9.01166625,0.335125,0.352875,0.306625,0.224,0.4,4.245837841,35.0292,2.66949,0,231.121
2010-06-01,20.742467,156204602.270953,-19.604851,-1.685893,0.160299,18.5158337916667,75.809896375,963.863910416667,89,5.489787,255,17.9887503541667,16.9179172083333,14.0866665,10.195,0.266875,0.301083333333333,0.322833333333333,0.229,0,3.922486231,18.9271,2.61902,0,229.04
2010-06-01,20.742467,156204602.270953,-19.604851,-1.685893,0.160299,18.5158337916667,75.809896375,963.863910416667,89,5.489787,255,17.9887503541667,16.9179172083333,14.0866665,10.195,0.266875,0.301083333333333,0.322833333333333,0.229,0,3.922486231,18.9271,2.61902,5,212.139
2010-07-01,24.104139,153369602.270954,-36.806874,-1.184091,0.15601,23.622084125,66.9491014166667,965.669318333333,34.375,6.0009161375,310.125,22.4554174166667,21.0012507083333,17.478333625,12.8262498958333,0.28375,0.300625,0.298125,0.23,0,5.5213786904,15.1206,2.60065,0,264.998
2010-07-01,24.104139,153369602.270954,-36.806874,-1.184091,0.15601,23.622084125,66.9491014166667,965.669318333333,34.375,6.0009161375,310.125,22.4554174166667,21.0012507083333,17.478333625,12.8262498958333,0.28375,0.300625,0.298125,0.23,0,5.5213786904,15.1206,2.60065,5,244.91
2010-07-28,27.360196,147425602.270953,-81.934347,-5.913126,0.131268,23.674167875,70.4909162083333,967.645736666667,22.0833333333333,5.85048502916667,287.833333333333,22.782500625,21.50125075,19.7950006666667,16.09291775,0.252541666666667,0.236125,0.2705,0.229,0,5.110482162,13.1196,2.63053,0,333.275
2010-07-28,27.360196,147425602.270953,-81.934347,-5.913126,0.131268,23.674167875,70.4909162083333,967.645736666667,22.0833333333333,5.85048502916667,287.833333333333,22.782500625,21.50125075,19.7950006666667,16.09291775,0.252541666666667,0.236125,0.2705,0.229,0,5.110482162,13.1196,2.63053,5,248.063
2010-09-02,24.509372,138638602.270952,-72.145257,-9.566095,0.133538,19.776250625,80.6411189583333,963.253328333333,79.875,4.58172030416667,133.083333333333,19.5533336666667,19.3866672916667,19.8012504166667,18.2554169583333,0.244541666666667,0.265125,0.269541666666667,0.229,0.1,2.279077802,8.31035,2.56125,0,254.292
2010-09-02,24.509372,138638602.270952,-72.145257,-9.566095,0.133538,19.776250625,80.6411189583333,963.253328333333,79.875,4.58172030416667,133.083333333333,19.5533336666667,19.3866672916667,19.8012504166667,18.2554169583333,0.244541666666667,0.265125,0.269541666666667,0.229,0.1,2.279077802,8.31035,2.56125,5,245.811
2010-10-06,20.624561,127894602.27095,-141.548987,-16.700806,0.15231,16.4950002708333,75.3308807916667,961.030425416667,10.25,7.2186092375,193.708333333333,15.3804168125,15.4241669583333,16.7845839583333,18.1325,0.33875,0.336916666666667,0.319083333333333,0.232,0,2.8916109508,12.3388,2.57013,0,202.079
2010-10-06,20.624561,127894602.27095,-141.548987,-16.700806,0.15231,16.4950002708333,75.3308807916667,961.030425416667,10.25,7.2186092375,193.708333333333,15.3804168125,15.4241669583333,16.7845839583333,18.1325,0.33875,0.336916666666667,0.319083333333333,0.232,0,2.8916109508,12.3388,2.57013,5,212.283
2010-11-04,15.088423,164359602.27095,-5.077479,-0.509972,0.148389,13.9991668541667,74.1072089583333,975.3858875,5.625,3.6227160625,135.041666666667,12.1741666208333,11.5304165625,12.6908333333333,16.2408339166667,0.331708333333333,0.34,0.359875,0.263,0,1.887481071,16.5995,2.56384,5,276.676
2010-11-04,15.088423,164359602.27095,-5.077479,-0.509972,0.148389,13.9991668541667,74.1072089583333,975.3858875,5.625,3.6227160625,135.041666666667,12.1741666208333,11.5304165625,12.6908333333333,16.2408339166667,0.331708333333333,0.34,0.359875,0.263,0,1.887481071,16.5995,2.56384,0,263.524
2010-12-02,10.918873,146245602.27095,-114.667979,-36.436327,0.406576,3.11166665958333,75.8230667083333,954.1429725,40.2916666666667,5.29571636666667,84.5,2.99499998333333,3.86791665416667,7.48458329583333,13.3199998333333,0.368083333333333,0.374833333333333,0.346,0.271,0,0.91946511333,14.9611,2.54863,5,222.962
2010-12-02,10.918873,146245602.27095,-114.667979,-36.436327,0.406576,3.11166665958333,75.8230667083333,954.1429725,40.2916666666667,5.29571636666667,84.5,2.99499998333333,3.86791665416667,7.48458329583333,13.3199998333333,0.368083333333333,0.374833333333333,0.346,0.271,0,0.91946511333,14.9611,2.54863,0,247.176
2011-01-13,8.066611,145413602.270954,-7.02977,-0.031287,0.48529,8.76374992916667,79.1297318333333,970.23484125,31.2083333333333,3.71969003666667,100.5,7.0970832875,6.2449999125,7.27833324583333,9.2262499375,0.345083333333333,0.353916666666667,0.352875,0.283,0,1.179814152,14.5642,2.53948,0,221.547
2011-01-13,8.066611,145413602.270954,-7.02977,-0.031287,0.48529,8.76374992916667,79.1297318333333,970.23484125,31.2083333333333,3.71969003666667,100.5,7.0970832875,6.2449999125,7.27833324583333,9.2262499375,0.345083333333333,0.353916666666667,0.352875,0.283,0,1.179814152,14.5642,2.53948,5,217.717
2011-02-09,7.528255,131561602.270954,-28.178673,-3.656628,0.274398,6.0220833025,79.9177319166667,968.46022375,0.0833333333333333,5.28544070833333,148.75,4.99291666666667,4.89499995,5.38458333333333,7.3637499625,0.328583333333333,0.341833333333333,0.346541666666667,0.289,0,1.679484109,15.1275,2.54119,5,292.066
2011-02-09,7.528255,131561602.270954,-28.178673,-3.656628,0.274398,6.0220833025,79.9177319166667,968.46022375,0.0833333333333333,5.28544070833333,148.75,4.99291666666667,4.89499995,5.38458333333333,7.3637499625,0.328583333333333,0.341833333333333,0.346541666666667,0.289,0,1.679484109,15.1275,2.54119,0,202.398
2011-03-10,8.399798,132438602.270955,-12.874987,-1.10286,0.127517,8.08666662916667,83.3297625416667,970.502010833333,34.9166666666667,6.00469797083333,199.583333333333,7.40541661666667,6.7824999375,6.55541652916667,6.87,0.33125,0.34125,0.3175,0.292,0,2.3642681575,12.3038,2.51046,0,188.993
2011-03-10,8.399798,132438602.270955,-12.874987,-1.10286,0.127517,8.08666662916667,83.3297625416667,970.502010833333,34.9166666666667,6.00469797083333,199.583333333333,7.40541661666667,6.7824999375,6.55541652916667,6.87,0.33125,0.34125,0.3175,0.292,0,2.3642681575,12.3038,2.51046,5,189.16
2011-04-06,15.920679,162606571.971298,-2.470141,-0.048512,0.400255,15.3033336041667,73.214607875,974.404144583333,24.0833333333333,5.01861875833333,268.625,13.6825001875,12.763749875,10.455416625,7.54291652916667,0.276708333333333,0.309791666666667,0.357666666666667,0.308,0,3.9320502563,17.8757,2.55568,5,293.148
2011-04-06,15.920679,162606571.971298,-2.470141,-0.048512,0.400255,15.3033336041667,73.214607875,974.404144583333,24.0833333333333,5.01861875833333,268.625,13.6825001875,12.763749875,10.455416625,7.54291652916667,0.276708333333333,0.309791666666667,0.357666666666667,0.308,0,3.9320502563,17.8757,2.55568,0,298.643
2011-05-04,16.560234,152787571.971298,-1.036879,-0.137406,0.145663,14.5200002708333,86.2041205833333,963.834438333333,52.0416666666667,5.33497935416667,236.458333333333,14.463750125,13.3658332291667,11.6429166666667,9.37416666666667,0.359875,0.3205,0.313,0.308,1.4,3.234466848,13.802,2.51105,0,240.113
2011-05-04,16.560234,152787571.971298,-1.036879,-0.137406,0.145663,14.5200002708333,86.2041205833333,963.834438333333,52.0416666666667,5.33497935416667,236.458333333333,14.463750125,13.3658332291667,11.6429166666667,9.37416666666667,0.359875,0.3205,0.313,0.308,1.4,3.234466848,13.802,2.51105,5,240.446
2011-06-01,21.07767,153821571.971297,-53.541614,-7.680245,0.133823,13.3283333125,87.0797115833333,967.755035416667,80.625,5.1505661,227.583333333333,15.2783334375,15.7533336458333,15.4345832291667,11.6095833333333,0.412541666666667,0.346958333333333,0.307,0.304,24.9,3.084100536,30.497,2.42395,5,256.848
2011-06-01,21.07767,153821571.971297,-53.541614,-7.680245,0.133823,13.3283333125,87.0797115833333,967.755035416667,80.625,5.1505661,227.583333333333,15.2783334375,15.7533336458333,15.4345832291667,11.6095833333333,0.412541666666667,0.346958333333333,0.307,0.304,24.9,3.084100536,30.497,2.42395,0,266.922
2011-07-06,24.852617,157160571.971298,-101.521258,-8.013938,0.133823,22.3054171666667,78.185561375,962.18164875,27.9166666666667,6.50412179583333,282.708333333333,22.2075007083333,21.0575004583333,18.5804175833333,14.3616666666667,0.21525,0.253916666666667,0.313541666666667,0.304,0,4.67804642,13.9328,2.48099,5,260.178
2011-07-06,24.852617,157160571.971298,-101.521258,-8.013938,0.133823,22.3054171666667,78.185561375,962.18164875,27.9166666666667,6.50412179583333,282.708333333333,22.2075007083333,21.0575004583333,18.5804175833333,14.3616666666667,0.21525,0.253916666666667,0.313541666666667,0.304,0,4.67804642,13.9328,2.48099,0,294.147
2011-07-27,24.135717,160759571.971298,-25.299557,-3.299236,0.133823,19.2595839166667,88.3131493333333,965.524227916667,80,3.60532766583333,181.541666666667,19.37208375,18.3262504583333,17.5033336666667,15.919999,0.410208333333333,0.399291666666667,0.3285,0.303,20.8,2.880233766,105.908,1.55049,0,197.902
2011-07-27,24.135717,160759571.971298,-25.299557,-3.299236,0.133823,19.2595839166667,88.3131493333333,965.524227916667,80,3.60532766583333,181.541666666667,19.37208375,18.3262504583333,17.5033336666667,15.919999,0.410208333333333,0.399291666666667,0.3285,0.303,20.8,2.880233766,105.908,1.55049,5,205.312
2011-09-06,24.598685,127528571.971297,-136.111712,-11.980612,0.155267,20.9345842083333,71.6069382916667,972.849962916667,34.4166666666667,6.69386541666667,232,20.467916875,19.7720840833333,19.9700005,18.238750625,0.2845,0.244541666666667,0.296041666666667,0.302,0,3.9948198342,7.32271,2.467,0,222.713
2011-09-06,24.598685,127528571.971297,-136.111712,-11.980612,0.155267,20.9345842083333,71.6069382916667,972.849962916667,34.4166666666667,6.69386541666667,232,20.467916875,19.7720840833333,19.9700005,18.238750625,0.2845,0.244541666666667,0.296041666666667,0.302,0,3.9948198342,7.32271,2.467,5,226.626
2012-01-12,9.779992,162548571.971292,-48.81911,-13.131767,0.278262,4.16374997604167,81.433193125,976.03039125,34.75,5.07850894166667,104.791666666667,3.042916654375,3.68874994166667,6.39291655416667,10.8658333333333,0.276041666666667,0.291,0.332,0.33,0,1.077620355,3.04022,2.57542,0,295.229
2012-01-12,9.779992,162548571.971292,-48.81911,-13.131767,0.278262,4.16374997604167,81.433193125,976.03039125,34.75,5.07850894166667,104.791666666667,3.042916654375,3.68874994166667,6.39291655416667,10.8658333333333,0.276041666666667,0.291,0.332,0.33,0,1.077620355,3.04022,2.57542,5,272.75
2012-02-15,7.774526,151293571.971292,-48.489715,-9.251794,0.258807,4.47624992520833,69.9460454583333,967.764873333333,13.375,5.796907125,154.583333333333,3.43874994416667,1.63041665,2.68458330833333,7.4325,0.304875,0.30375,0.312041666666667,0.328,0,1.7901477713,3.14097,2.62131,0,213.138
2012-02-15,7.774526,151293571.971292,-48.489715,-9.251794,0.258807,4.47624992520833,69.9460454583333,967.764873333333,13.375,5.796907125,154.583333333333,3.43874994416667,1.63041665,2.68458330833333,7.4325,0.304875,0.30375,0.312041666666667,0.328,0,1.7901477713,3.14097,2.62131,5,206.977
2012-03-14,10.108423,128845571.971293,-2.53365,0.25321,0.14981,11.9325000875,67.3048622916667,972.696542916667,0,4.86530870833333,224.291666666667,10.2866666125,9.32624992916667,7.14708320833333,6.59708319583333,0.197416666666667,0.235833333333333,0.276833333333333,0.324458333333333,0,3.086292065,2.26089,2.57231,0,213.055
2012-03-14,10.108423,128845571.971293,-2.53365,0.25321,0.14981,11.9325000875,67.3048622916667,972.696542916667,0,4.86530870833333,224.291666666667,10.2866666125,9.32624992916667,7.14708320833333,6.59708319583333,0.197416666666667,0.235833333333333,0.276833333333333,0.324458333333333,0,3.086292065,2.26089,2.57231,5,206.311
2012-04-11,11.607351,125929571.971293,-64.566107,-5.789337,0.21994,11.6033334458333,64.8529961666667,954.05054875,39.875,6.31147915833333,238.208333333333,10.6324999458333,10.0616664375,9.2304165625,7.63041666666667,0.306083333333333,0.276416666666667,0.2655,0.32,0,3.32921418934,2.47813,2.6367,5,272.25
2012-04-11,11.607351,125929571.971293,-64.566107,-5.789337,0.21994,11.6033334458333,64.8529961666667,954.05054875,39.875,6.31147915833333,238.208333333333,10.6324999458333,10.0616664375,9.2304165625,7.63041666666667,0.306083333333333,0.276416666666667,0.2655,0.32,0,3.32921418934,2.47813,2.6367,0,251.436
2012-05-09,14.983764,130682571.971293,-5.181083,0.949368,0.179673,16.401250125,82.312196625,967.364700416667,43.0833333333333,4.28990263666667,264.666666666667,15.6950003125,14.0908332916667,11.2345832916667,8.69291666666667,0.312708333333333,0.321958333333333,0.289291666666667,0.316,0,3.898519752,4.16096,2.70148,0,512.863
2012-05-09,14.983764,130682571.971293,-5.181083,0.949368,0.179673,16.401250125,82.312196625,967.364700416667,43.0833333333333,4.28990263666667,264.666666666667,15.6950003125,14.0908332916667,11.2345832916667,8.69291666666667,0.312708333333333,0.321958333333333,0.289291666666667,0.316,0,3.898519752,4.16096,2.70148,5,406.294
2012-06-07,22.079587,142117571.971293,-107.226334,-4.94182,0.159646,20.9908338541667,77.2215524166667,956.995857083333,60.9166666666667,7.48040295416667,323.375,20.3345838333333,18.8679172083333,15.95124975,11.3054164583333,0.2515,0.27475,0.292625,0.312,0,5.202228292,6.90504,2.67268,0,475.231
2012-06-07,22.079587,142117571.971293,-107.226334,-4.94182,0.159646,20.9908338541667,77.2215524166667,956.995857083333,60.9166666666667,7.48040295416667,323.375,20.3345838333333,18.8679172083333,15.95124975,11.3054164583333,0.2515,0.27475,0.292625,0.312,0,5.202228292,6.90504,2.67268,3,524.02
2012-06-07,22.079587,142117571.971293,-107.226334,-4.94182,0.159646,20.9908338541667,77.2215524166667,956.995857083333,60.9166666666667,7.48040295416667,323.375,20.3345838333333,18.8679172083333,15.95124975,11.3054164583333,0.2515,0.27475,0.292625,0.312,0,5.202228292,6.90504,2.67268,5,353.26
2012-07-03,25.629617,146492571.971293,-146.6971,-9.808766,0.168115,21.9033339791667,65.19398625,966.085883333333,51.4583333333333,7.04690906666667,331.375,21.2720841041667,20.2429172916667,19.2700007916667,14.1533333333333,0.169583333333333,0.216916666666667,0.279583333333333,0.306458333333333,0,5.737816047,4.87595,2.49925,0,275.248
2012-07-03,25.629617,146492571.971293,-146.6971,-9.808766,0.168115,21.9033339791667,65.19398625,966.085883333333,51.4583333333333,7.04690906666667,331.375,21.2720841041667,20.2429172916667,19.2700007916667,14.1533333333333,0.169583333333333,0.216916666666667,0.279583333333333,0.306458333333333,0,5.737816047,4.87595,2.49925,5,274.082
2012-07-31,25.918713,129432571.971292,-56.450736,-2.958736,0.162079,23.5470839583333,72.6118865416667,966.814394166667,1.70833333333333,6.5258842875,306.791666666667,23.4179169166667,22.1887506666667,20.20125025,16.7408339166667,0.160958333333333,0.192541666666667,0.251625,0.3,0,5.3834907953,3.64665,2.55687,5,166.431
2012-07-31,25.918713,129432571.971292,-56.450736,-2.958736,0.162079,23.5470839583333,72.6118865416667,966.814394166667,1.70833333333333,6.5258842875,306.791666666667,23.4179169166667,22.1887506666667,20.20125025,16.7408339166667,0.160958333333333,0.192541666666667,0.251625,0.3,0,5.3834907953,3.64665,2.55687,0,195.321
2012-09-05,24.628069,101469571.971292,-52.926296,-4.14969,0.159365,21.0345842083333,68.5012488333333,966.150791666667,39.9166666666667,4.91958740833333,171.583333333333,20.17625075,19.4970840833333,19.7866673333333,19.37,0.201625,0.186375,0.218833333333333,0.292,0,3.091367508,8.34622,4.69251,0,229.54
2012-09-05,24.628069,101469571.971292,-52.926296,-4.14969,0.159365,21.0345842083333,68.5012488333333,966.150791666667,39.9166666666667,4.91958740833333,171.583333333333,20.17625075,19.4970840833333,19.7866673333333,19.37,0.201625,0.186375,0.218833333333333,0.292,0,3.091367508,8.34622,4.69251,5,221.464
2012-10-17,17.937965,88785571.971291,-166.831389,-20.923759,0.146508,15.9783335416667,79.2445630833333,962.108956666667,64,9.2604882125,125.958333333333,14.7720833958333,14.4554165,16.7054170416667,18.751250375,0.369125,0.376791666666667,0.2995,0.288,0.2,1.92178326355,12.1139,3.17829,5,201.149
2012-10-17,17.937965,88785571.971291,-166.831389,-20.923759,0.146508,15.9783335416667,79.2445630833333,962.108956666667,64,9.2604882125,125.958333333333,14.7720833958333,14.4554165,16.7054170416667,18.751250375,0.369125,0.376791666666667,0.2995,0.288,0.2,1.92178326355,12.1139,3.17829,0,258.596
2012-11-28,11.08844,90849571.971292,-137.312296,-37.508163,0.197929,6.382499925,86.4175658333333,943.44752875,100,7.47699447916667,23,7.990833225,8.83666658333333,11.6908332083333,15.2991664583333,0.414125,0.404166666666667,0.369916666666667,0.31,5.9,0.4337050106,2.08036,2.55634,0,207.81
2012-11-28,11.08844,90849571.971292,-137.312296,-37.508163,0.197929,6.382499925,86.4175658333333,943.44752875,100,7.47699447916667,23,7.990833225,8.83666658333333,11.6908332083333,15.2991664583333,0.414125,0.404166666666667,0.369916666666667,0.31,5.9,0.4337050106,2.08036,2.55634,5,182.583
2013-01-15,7.139148,78730571.971291,-125.785248,-28.973079,0.253645,3.77208327916667,68.5654967916667,957.11453375,52.6666666666667,7.47570594583333,83.5,3.68458330833333,3.707499975,6.38458322083333,10.2262498541667,0.322791666666667,0.311541666666667,0.337625,0.32,0.9,1.095455048,1.59399,2.55975,0,178.087
2013-01-15,7.139148,78730571.971291,-125.785248,-28.973079,0.253645,3.77208327916667,68.5654967916667,957.11453375,52.6666666666667,7.47570594583333,83.5,3.68458330833333,3.707499975,6.38458322083333,10.2262498541667,0.322791666666667,0.311541666666667,0.337625,0.32,0.9,1.095455048,1.59399,2.55975,5,190.159
2013-02-19,6.451802,76009571.97129,-9.339895,-0.778391,0.262626,7.3720833125,85.7528490833333,962.617842916667,68.7916666666667,5.97324835416667,79.1666666666667,7.3783331875,6.9012499625,6.40333329583333,7.76791666666667,0.343625,0.326583333333333,0.316916666666667,0.32,0.7,1.023895889,1.3493,2.56234,0,172.925
2013-02-19,6.451802,76009571.97129,-9.339895,-0.778391,0.262626,7.3720833125,85.7528490833333,962.617842916667,68.7916666666667,5.97324835416667,79.1666666666667,7.3783331875,6.9012499625,6.40333329583333,7.76791666666667,0.343625,0.326583333333333,0.316916666666667,0.32,0.7,1.023895889,1.3493,2.56234,5,207.476
2013-03-19,9.762684,124676571.971289,-35.345855,-4.555908,0.22167,8.32833330833333,66.331926375,952.499349583333,60.75,6.12667982916667,198.458333333333,7.32416662916667,6.77833327083333,6.75125,7.0699997,0.36425,0.371291666666667,0.363,0.325,0,2.4949512206,11.9689,2.61414,0,276.663
2013-04-10,11.341304,145335571.971289,-70.750236,2.655678,0.151869,12.2616667583333,74.5246160833333,962.46571375,46.5,8.2172730375,207,11.1637498791667,9.71166654166667,8.45333327083333,7.54499985,0.359916666666667,0.379,0.387791666666667,0.332,0,2.886659758,18.243,2.45797,4,256.681
2013-04-10,11.341304,145335571.971289,-70.750236,2.655678,0.151869,12.2616667583333,74.5246160833333,962.46571375,46.5,8.2172730375,207,11.1637498791667,9.71166654166667,8.45333327083333,7.54499985,0.359916666666667,0.379,0.387791666666667,0.332,0,2.886659758,18.243,2.45797,0,301.89
2013-05-22,16.160598,148869571.971289,-73.769578,-4.185018,0.141643,15.1304167708333,78.2668636666667,959.562421666667,36.2916666666667,3.98954010833333,259.708333333333,13.8720832291667,12.0241665416667,10.9929166041667,9.64916666666667,0.396625,0.398791666666667,0.378958333333333,0.342,7.9,3.77724274,25.2393,2.3293,0,262.093
2013-06-18,19.982274,158012571.971288,-114.590443,-8.043642,0.183514,19.8387504166667,83.92215675,959.533502083333,99.2083333333333,10.3251213458333,187.833333333333,19.9741673333333,18.7658339166667,15.6387498958333,11.1075,0.265541666666667,0.305416666666667,0.353958333333333,0.348,0.7,2.956754926,17.9123,2.47,3,188.078
2013-06-18,19.982274,158012571.971288,-114.590443,-8.043642,0.183514,19.8387504166667,83.92215675,959.533502083333,99.2083333333333,10.3251213458333,187.833333333333,19.9741673333333,18.7658339166667,15.6387498958333,11.1075,0.265541666666667,0.305416666666667,0.353958333333333,0.348,0.7,2.956754926,17.9123,2.47,0,185.663
2013-07-16,25.866052,150688571.971289,-3.136828,-0.209757,0.17508,23.11375075,70.0676951666667,968.727989583333,11.8333333333333,5.24270360416667,314.375,22.1950005833333,21.3554169166667,18.7991669166667,13.9116666666667,0.300041666666667,0.280666666666667,0.322166666666667,0.343,0.1,5.457324469,13.7955,2.45899,0,296.811
2013-07-16,25.866052,150688571.971289,-3.136828,-0.209757,0.17508,23.11375075,70.0676951666667,968.727989583333,11.8333333333333,5.24270360416667,314.375,22.1950005833333,21.3554169166667,18.7991669166667,13.9116666666667,0.300041666666667,0.280666666666667,0.322166666666667,0.343,0.1,5.457324469,13.7955,2.45899,3,285.322
2013-08-06,26.028563,153674708.779913,-4.433177,-0.184781,0.189821,24.3200005833333,71.97880075,963.553015833333,58.5,5.74389380416667,290.5,23.7450007916667,22.6137512083333,20.4637504583333,16.2158338333333,0.187208333333333,0.247166666666667,0.30425,0.3375,0,5.084690053,10.7736,2.43244,0,203.563
2013-08-06,26.028563,153674708.779913,-4.433177,-0.184781,0.189821,24.3200005833333,71.97880075,963.553015833333,58.5,5.74389380416667,290.5,23.7450007916667,22.6137512083333,20.4637504583333,16.2158338333333,0.187208333333333,0.247166666666667,0.30425,0.3375,0,5.084690053,10.7736,2.43244,5,192.657
2013-09-17,23.672984,150026708.779913,-30.574625,-4.457037,0.127302,17.3054168958333,85.73050975,961.540172916667,93.4583333333333,5.9789787125,112.583333333333,17.3262505416667,17.049166875,17.7387505416667,18.02,0.363916666666667,0.354666666666667,0.295291666666667,0.33,3,1.734405648,16.3096,2.66602,0,188.411
2013-10-22,20.169296,119363708.779911,-165.307582,-17.356141,0.129415,18.6700005208333,85.1807127083333,960.859685416667,92.25,9.32557737083333,121.458333333333,18.2033336875,17.1741675833333,16.7491675833333,17.61375025,0.292166666666667,0.308875,0.292333333333333,0.327,0.2,1.929463295,6.1166,2.61045,0,213.138
2013-11-27,12.70243,127380708.779913,-58.289899,-17.992156,0.409641,1.90333328958333,70.5515902916667,970.51170125,37.2916666666667,9.45472251666667,91.4166666666667,1.778333285,3.84916664583333,9.11791658333333,15.3095831875,0.341416666666667,0.352041666666667,0.331125,0.325,0,1.155359048,14.9036,2.76026,0,261.177
2013-11-27,12.70243,127380708.779913,-58.289899,-17.992156,0.409641,1.90333328958333,70.5515902916667,970.51170125,37.2916666666667,9.45472251666667,91.4166666666667,1.778333285,3.84916664583333,9.11791658333333,15.3095831875,0.341416666666667,0.352041666666667,0.331125,0.325,0,1.155359048,14.9036,2.76026,0,376.155
2013-11-27,12.70243,127380708.779913,-58.289899,-17.992156,0.409641,1.90333328958333,70.5515902916667,970.51170125,37.2916666666667,9.45472251666667,91.4166666666667,1.778333285,3.84916664583333,9.11791658333333,15.3095831875,0.341416666666667,0.352041666666667,0.331125,0.325,0,1.155359048,14.9036,2.76026,0,223.295
2013-11-27,12.70243,127380708.779913,-58.289899,-17.992156,0.409641,1.90333328958333,70.5515902916667,970.51170125,37.2916666666667,9.45472251666667,91.4166666666667,1.778333285,3.84916664583333,9.11791658333333,15.3095831875,0.341416666666667,0.352041666666667,0.331125,0.325,0,1.155359048,14.9036,2.76026,0,214.387
2013-11-27,12.70243,127380708.779913,-58.289899,-17.992156,0.409641,1.90333328958333,70.5515902916667,970.51170125,37.2916666666667,9.45472251666667,91.4166666666667,1.778333285,3.84916664583333,9.11791658333333,15.3095831875,0.341416666666667,0.352041666666667,0.331125,0.325,0,1.155359048,14.9036,2.76026,0,268.754
2013-11-27,12.70243,127380708.779913,-58.289899,-17.992156,0.409641,1.90333328958333,70.5515902916667,970.51170125,37.2916666666667,9.45472251666667,91.4166666666667,1.778333285,3.84916664583333,9.11791658333333,15.3095831875,0.341416666666667,0.352041666666667,0.331125,0.325,0,1.155359048,14.9036,2.76026,0,305.054
2013-11-27,12.70243,127380708.779913,-58.289899,-17.992156,0.409641,1.90333328958333,70.5515902916667,970.51170125,37.2916666666667,9.45472251666667,91.4166666666667,1.778333285,3.84916664583333,9.11791658333333,15.3095831875,0.341416666666667,0.352041666666667,0.331125,0.325,0,1.155359048,14.9036,2.76026,0,230.705
2014-01-08,8.642872,123476708.77991,-22.14541,-1.990687,0.259471,8.09083329166667,85.73582425,969.690687083333,92.3333333333333,4.08643800416667,94.5416666666667,6.76999991666667,6.88666662916667,7.53041660416667,10.2095833333333,0.305416666666667,0.305208333333333,0.289,0.322,0,1.0739898428,4.26797,2.49519,5,214.975
2014-01-08,8.642872,123476708.77991,-22.14541,-1.990687,0.259471,8.09083329166667,85.73582425,969.690687083333,92.3333333333333,4.08643800416667,94.5416666666667,6.76999991666667,6.88666662916667,7.53041660416667,10.2095833333333,0.305416666666667,0.305208333333333,0.289,0.322,0,1.0739898428,4.26797,2.49519,0,195.409
2014-02-04,7.37479,119445708.779912,-99.901197,-15.359707,0.416491,6.10333328583333,70.3160054166667,958.915549166667,31.375,8.88829087916667,136.875,5.23874994583333,3.61791667083333,5.9324999625,8.7075,0.3635,0.369291666666667,0.311,0.321,0.2,1.652967686,7.45569,2.42606,0,210.063
2014-03-04,7.235435,131145708.779913,-153.762143,-4.474268,0.483007,8.92208328333333,54.1864876666667,951.31068,42.0833333333333,11.2458510625,203.25,7.38458325833333,6.42833324583333,6.55541650416667,7.8199997,0.355083333333333,0.342,0.31075,0.32,0,2.7679558128,8.86577,2.41749,0,209.646
2014-04-01,9.517283,129481708.779913,-22.467137,12.708542,0.17918,12.0491667708333,80.7209044166667,960.95957125,83.7916666666667,8.09987249166667,224.375,11.6679165625,10.607499875,8.73874995833333,7.9700003,0.351458333333333,0.352083333333333,0.303916666666667,0.317,0,2.935628694,7.67892,2.45661,0,214.975
2014-04-01,9.517283,129481708.779913,-22.467137,12.708542,0.17918,12.0491667708333,80.7209044166667,960.95957125,83.7916666666667,8.09987249166667,224.375,11.6679165625,10.607499875,8.73874995833333,7.9700003,0.351458333333333,0.352083333333333,0.303916666666667,0.317,0,2.935628694,7.67892,2.45661,5,255.772
2014-05-07,17.46104,132078708.779913,-50.746164,-4.302492,0.283174,15.7470836666667,76.220017,966.6673675,75.7083333333333,4.60202881666667,244.291666666667,14.7762501666667,13.376249875,11.7554166041667,9.81791664583333,0.323375,0.345333333333333,0.318041666666667,0.314,0,3.595240508,9.7679,2.42465,0,211.811
2014-05-07,17.46104,132078708.779913,-50.746164,-4.302492,0.283174,15.7470836666667,76.220017,966.6673675,75.7083333333333,4.60202881666667,244.291666666667,14.7762501666667,13.376249875,11.7554166041667,9.81791664583333,0.323375,0.345333333333333,0.318041666666667,0.314,0,3.595240508,9.7679,2.42465,5,248.029
2014-05-27,17.744649,130464708.779913,-65.038313,-10.520599,0.369491,13.2720834791667,82.2368550833333,965.875860833333,80.0833333333333,5.80358270416667,206.333333333333,13.0762499375,12.4637499583333,12.5533330416667,10.86375,0.387583333333333,0.367375,0.314958333333333,0.312,3.8,2.965616747,16.3268,2.89238,0,261.101
2014-07-09,21.900953,144455408.779914,-58.430676,-8.197353,0.125939,17.0012504583333,87.7490917916667,964.730868333333,79.625,4.4819877375,112.291666666667,16.9866675416667,16.7470839166667,17.190834,14.2429164375,0.396,0.391666666666667,0.357166666666667,0.314,7.1,1.78930758,43.4705,2.47027,5,258.603
2014-07-09,21.900953,144455408.779914,-58.430676,-8.197353,0.125939,17.0012504583333,87.7490917916667,964.730868333333,79.625,4.4819877375,112.291666666667,16.9866675416667,16.7470839166667,17.190834,14.2429164375,0.396,0.391666666666667,0.357166666666667,0.314,7.1,1.78930758,43.4705,2.47027,0,232.626
2014-07-30,26.130981,130365408.779913,-3.87702,-0.347716,0.193114,21.4554172083333,74.722790375,962.56240875,18.5833333333333,4.9952910125,296.291666666667,20.0929168958333,18.999167375,18.967917125,15.7970831041667,0.384875,0.396916666666667,0.359833333333333,0.316208333333333,0,4.966961515,26.4788,2.31873,0,242.45
2014-07-30,26.130981,130365408.779913,-3.87702,-0.347716,0.193114,21.4554172083333,74.722790375,962.56240875,18.5833333333333,4.9952910125,296.291666666667,20.0929168958333,18.999167375,18.967917125,15.7970831041667,0.384875,0.396916666666667,0.359833333333333,0.316208333333333,0,4.966961515,26.4788,2.31873,4,232.709
2014-09-03,24.678957,122856408.779913,-5.570332,-0.640096,0.130192,20.5012505,82.5111048333333,962.051554583333,57.8333333333333,4.60250387375,184.5,20.103333875,19.8575005833333,19.3845833333333,17.6345833333333,0.325875,0.337666666666667,0.346458333333333,0.321,0,3.027307978,14.2302,2.41971,5,299.316
2014-09-03,24.678957,122856408.779913,-5.570332,-0.640096,0.130192,20.5012505,82.5111048333333,962.051554583333,57.8333333333333,4.60250387375,184.5,20.103333875,19.8575005833333,19.3845833333333,17.6345833333333,0.325875,0.337666666666667,0.346458333333333,0.321,0,3.027307978,14.2302,2.41971,0,277.419
2014-09-16,23.780149,141856408.779913,-9.434431,-1.045757,0.130192,20.2304172291667,85.3475387083333,961.401920416667,67.9166666666667,5.72032772916667,203.166666666667,20.0554173333333,19.409584,19.455416875,18.1408333333333,0.350833333333333,0.347375,0.335916666666667,0.322,7,3.208698357,11.7331,2.42003,0,208.647
2014-09-16,23.780149,141856408.779913,-9.434431,-1.045757,0.130192,20.2304172291667,85.3475387083333,961.401920416667,67.9166666666667,5.72032772916667,203.166666666667,20.0554173333333,19.409584,19.455416875,18.1408333333333,0.350833333333333,0.347375,0.335916666666667,0.322,7,3.208698357,11.7331,2.42003,5,232.043
2014-10-07,21.009106,140123408.779914,-219.831335,-22.151306,0.130192,18.840833625,83.7696602083333,960.070287083333,77.9166666666667,8.63595382083333,182.083333333333,18.2470838541667,17.51166725,17.6241666666667,18.27,0.3915,0.407166666666667,0.406208333333333,0.329291666666667,0,2.834543823,25.5567,2.50064,0,242.117
2014-10-07,21.009106,140123408.779914,-219.831335,-22.151306,0.130192,18.840833625,83.7696602083333,960.070287083333,77.9166666666667,8.63595382083333,182.083333333333,18.2470838541667,17.51166725,17.6241666666667,18.27,0.3915,0.407166666666667,0.406208333333333,0.329291666666667,0,2.834543823,25.5567,2.50064,5,286.911
2014-11-17,15.110925,133850197.579886,-98.673843,-20.777695,0.158869,9.68458325833333,71.0890482083333,954.19524375,56.4583333333333,5.52749294583333,70.375,9.44916655833333,9.76583320833333,12.2429165833333,16.3741670833333,0.342541666666667,0.346166666666667,0.339583333333333,0.34,1,1.08108873462,12.2836,2.4163,0,288.076
2014-12-09,12.652954,157383197.579888,-201.360118,-39.716215,0.256726,5.8491666125,46.3535239166667,967.2014125,8,15.5271676,104,6.76374989583333,6.78666659166667,10.4637499166667,14.6366666666667,0.392375,0.391416666666667,0.402541666666667,0.359791666666667,1.7,2.1930430767,42.3162,2.24727,0,363.426
2015-01-07,9.772216,156551197.579887,-47.110794,-12.939159,0.274552,5.79083332916667,84.617799625,976.057595833333,53.9583333333333,4.962178175,83.2916666666667,4.32624995666667,4.2116666375,5.68041666666667,10.9449999583333,0.340291666666667,0.35075,0.374,0.391291666666667,0,0.962091347,16.3838,2.37512,0,276.67
2015-02-03,7.648386,150967197.579886,-8.638762,-3.249463,0.13549,2.49291670458333,90.6778392083333,945.16797,97.5,5.87939852916667,30.6666666666667,2.92416663333333,3.1491667,5.4199999625,8.50749966666667,0.348208333333333,0.334833333333333,0.341416666666667,0.387,6.1,0.357787411,12.3843,2.35067,0,239.453
2015-03-04,8.323802,144167197.579883,-14.711328,-2.077988,0.255995,7.3074999,89.2289725,971.2993425,69.1666666666667,6.3012878625,53.5416666666667,7.69083315416667,7.71791660416667,7.05958320833333,6.97,0.363541666666667,0.333083333333333,0.298666666666667,0.378916666666667,15.2,0.6936822733,14.1497,2.27512,0,305.644
2015-03-04,8.323802,144167197.579883,-14.711328,-2.077988,0.255995,7.3074999,89.2289725,971.2993425,69.1666666666667,6.3012878625,53.5416666666667,7.69083315416667,7.71791660416667,7.05958320833333,6.97,0.363541666666667,0.333083333333333,0.298666666666667,0.378916666666667,15.2,0.6936822733,14.1497,2.27512,5,309.724
2015-03-31,13.434933,153615197.579882,-8.652055,0.54261,0.36988,14.8179169375,77.4518212916667,969.856555833333,9.29166666666667,4.65365849166667,249.416666666667,13.1845835208333,11.1324999166667,8.79083325,7.24708333333333,0.324166666666667,0.345125,0.318416666666667,0.371,0,3.641252248,17.2583,2.35202,5,248.362
2015-03-31,13.434933,153615197.579882,-8.652055,0.54261,0.36988,14.8179169375,77.4518212916667,969.856555833333,9.29166666666667,4.65365849166667,249.416666666667,13.1845835208333,11.1324999166667,8.79083325,7.24708333333333,0.324166666666667,0.345125,0.318416666666667,0.371,0,3.641252248,17.2583,2.35202,0,245.698
2015-05-05,17.590155,157621197.579882,-75.580343,1.42225,0.130036,18.9304168333333,68.5816465833333,958.907160833333,79.375,6.6300454125,204.708333333333,17.5450002083333,16.5533336041667,13.1595832291667,9.04499975,0.246041666666667,0.281708333333333,0.281625,0.3605,0,3.55788976146,11.5738,2.33509,0,210.312
2015-05-05,17.590155,157621197.579882,-75.580343,1.42225,0.130036,18.9304168333333,68.5816465833333,958.907160833333,79.375,6.6300454125,204.708333333333,17.5450002083333,16.5533336041667,13.1595832291667,9.04499975,0.246041666666667,0.281708333333333,0.281625,0.3605,0,3.55788976146,11.5738,2.33509,5,211.478
2015-06-09,23.357412,148285197.579881,-38.246317,-4.222018,0.148922,20.149167,76.4938305,964.408379166667,54.375,4.73574357083333,270.291666666667,19.8012506666667,19.409584125,16.705417,12.0970833125,0.249333333333333,0.245291666666667,0.2785,0.348625,5.6,4.333218668,8.18899,2.41074,5,236.373
2015-06-09,23.357412,148285197.579881,-38.246317,-4.222018,0.148922,20.149167,76.4938305,964.408379166667,54.375,4.73574357083333,270.291666666667,19.8012506666667,19.409584125,16.705417,12.0970833125,0.249333333333333,0.245291666666667,0.2785,0.348625,5.6,4.333218668,8.18899,2.41074,0,234.791
2015-07-07,24.87606,135014197.579882,-164.531495,5.607982,0.131097,27.2033334583333,54.1370303333333,965.120655416667,19.5416666666667,9.15048869583333,331.333333333333,26.1637505833333,24.7116672083333,20.7700006666667,15.0429165,0.150208333333333,0.218916666666667,0.262541666666667,0.339,0,6.86665764335,6.02009,2.39077,0,251.109
2015-07-07,24.87606,135014197.579882,-164.531495,5.607982,0.131097,27.2033334583333,54.1370303333333,965.120655416667,19.5416666666667,9.15048869583333,331.333333333333,26.1637505833333,24.7116672083333,20.7700006666667,15.0429165,0.150208333333333,0.218916666666667,0.262541666666667,0.339,0,6.86665764335,6.02009,2.39077,5,253.108
2015-07-27,27.282392,119501197.579882,-126.365421,-12.91849,0.16118,22.680417375,85.56882725,962.771155833333,92.25,4.67325394583333,119.458333333333,22.895000375,22.6470840416667,21.8116673333333,17.5595844166667,0.293416666666667,0.229666666666667,0.253333333333333,0.332,2.6,2.119144995,8.11047,3.02132,5,252.109
2015-07-27,27.282392,119501197.579882,-126.365421,-12.91849,0.16118,22.680417375,85.56882725,962.771155833333,92.25,4.67325394583333,119.458333333333,22.895000375,22.6470840416667,21.8116673333333,17.5595844166667,0.293416666666667,0.229666666666667,0.253333333333333,0.332,2.6,2.119144995,8.11047,3.02132,0,246.946
2015-08-17,25.599401,109404197.579883,-87.337013,-10.147714,0.170836,19.822083875,77.49800875,962.357522916667,47.7083333333333,5.23734137083333,231.291666666667,19.4512504166667,19.1887505833333,20.2470836666667,18.98250075,0.371291666666667,0.382208333333333,0.286666666666667,0.327708333333333,0,3.611661696,9.33453,3.27976,0,241.784
2015-09-14,21.680155,103300197.579884,-101.496663,-8.309633,0.146479,19.0658338125,66.539032375,959.785550833333,60.2916666666667,6.92787802083333,203.166666666667,18.54708375,18.3845840416667,18.578335,19.27,0.366833333333333,0.375041666666667,0.334625,0.324625,0,3.4721921491,4.51956,2.97676,0,228.047
2015-09-14,21.680155,103300197.579884,-101.496663,-8.309633,0.146479,19.0658338125,66.539032375,959.785550833333,60.2916666666667,6.92787802083333,203.166666666667,18.54708375,18.3845840416667,18.578335,19.27,0.366833333333333,0.375041666666667,0.334625,0.324625,0,3.4721921491,4.51956,2.97676,5,231.127
2015-10-13,18.351734,117638917.579884,-24.352072,-4.470183,0.178242,15.634583625,94.5209335416667,961.0422725,99.0416666666667,3.4707508625,71.125,16.4491667916667,16.54291725,16.545001125,18.27,0.387583333333333,0.373,0.377,0.331,14.4,1.048235618,9.10023,3.13504,0,178.757
2015-10-13,18.351734,117638917.579884,-24.352072,-4.470183,0.178242,15.634583625,94.5209335416667,961.0422725,99.0416666666667,3.4707508625,71.125,16.4491667916667,16.54291725,16.545001125,18.27,0.387583333333333,0.373,0.377,0.331,14.4,1.048235618,9.10023,3.13504,5,182.421
2015-11-09,15.687835,157280909.579884,-32.252587,-3.570357,0.167613,14.4054167708333,87.5418154583333,977.947052083333,34.4583333333333,5.0235311875,115.291666666667,13.9929167291667,14.0741665833333,14.4325,16.6408333333333,0.35625,0.370083333333333,0.386375,0.343166666666667,0,1.59794349,8.74779,2.73897,5,183.919
2015-11-09,15.687835,157280909.579884,-32.252587,-3.570357,0.167613,14.4054167708333,87.5418154583333,977.947052083333,34.4583333333333,5.0235311875,115.291666666667,13.9929167291667,14.0741665833333,14.4325,16.6408333333333,0.35625,0.370083333333333,0.386375,0.343166666666667,0,1.59794349,8.74779,2.73897,0,179.673
2015-12-14,11.294945,131303909.579885,-114.024291,-34.226927,0.146258,5.11374993333333,85.1026565,967.784574583333,39.9583333333333,6.33118527083333,75.3333333333333,4.265833275,5.919999975,8.89291654166667,13.1366666666667,0.292291666666667,0.304,0.340541666666667,0.347,0,0.8313399334,3.25871,2.48939,0,173.928
2015-12-14,11.294945,131303909.579885,-114.024291,-34.226927,0.146258,5.11374993333333,85.1026565,967.784574583333,39.9583333333333,6.33118527083333,75.3333333333333,4.265833275,5.919999975,8.89291654166667,13.1366666666667,0.292291666666667,0.304,0.340541666666667,0.347,0,0.8313399334,3.25871,2.48939,5,178.924
2016-01-12,8.902514,133095909.579888,-131.054607,-19.56023,0.251913,8.074166575,60.7407713333333,962.637519166667,17.2083333333333,9.85153764583333,105.375,8.47833321666667,8.80541658333333,9.69083333333333,11.0199995,0.254,0.280375,0.312416666666667,0.346,0,1.704056463,2.83583,2.48598,5,187.416
2016-01-12,8.902514,133095909.579888,-131.054607,-19.56023,0.251913,8.074166575,60.7407713333333,962.637519166667,17.2083333333333,9.85153764583333,105.375,8.47833321666667,8.80541658333333,9.69083333333333,11.0199995,0.254,0.280375,0.312416666666667,0.346,0,1.704056463,2.83583,2.48598,0,181.172
2016-02-17,8.118147,105257909.579887,-91.682219,-22.849844,0.268563,3.84291665625,66.3682275833333,965.411229166667,4.20833333333333,7.00759115416667,166.458333333333,3.19708331729167,4.53874996666667,7.9824999,9.17,0.31775,0.310875,0.282875,0.341,0,1.9052497526,2.38689,2.48387,0,174.844
2016-02-17,8.118147,105257909.579887,-91.682219,-22.849844,0.268563,3.84291665625,66.3682275833333,965.411229166667,4.20833333333333,7.00759115416667,166.458333333333,3.19708331729167,4.53874996666667,7.9824999,9.17,0.31775,0.310875,0.282875,0.341,0,1.9052497526,2.38689,2.48387,5,175.76
2016-03-22,10.313981,79598909.579887,-11.243539,-0.313446,0.26676,11.3095833416667,69.415884625,951.959089583333,95.5833333333333,6.4885763625,171.541666666667,9.84291662083333,8.39916656666667,7.29083329583333,8.0199995,0.355208333333333,0.357208333333333,0.289041666666667,0.336,0,2.4648606370206,3.72625,2.54998,5,180.422
2016-03-22,10.313981,79598909.579887,-11.243539,-0.313446,0.26676,11.3095833416667,69.415884625,951.959089583333,95.5833333333333,6.4885763625,171.541666666667,9.84291662083333,8.39916656666667,7.29083329583333,8.0199995,0.355208333333333,0.357208333333333,0.289041666666667,0.336,0,2.4648606370206,3.72625,2.54998,0,171.68
2016-05-04,15.046968,116024669.579888,-13.586257,-0.965805,0.183846,13.6825003833333,72.3923015833333,967.60757,3.375,5.70129525833333,314.958333333333,12.6200000416667,11.651249875,10.15958325,9.22,0.320083333333333,0.34475,0.2995,0.329583333333333,0,4.432818741,14.7124,2.75991,0,208.314
2016-05-04,15.046968,116024669.579888,-13.586257,-0.965805,0.183846,13.6825003833333,72.3923015833333,967.60757,3.375,5.70129525833333,314.958333333333,12.6200000416667,11.651249875,10.15958325,9.22,0.320083333333333,0.34475,0.2995,0.329583333333333,0,4.432818741,14.7124,2.75991,5,283.081
2016-05-24,17.015849,121715669.579888,-141.556769,-15.06074,0.125113,14.6533334375,76.5115582916667,962.767319583333,62.2083333333333,8.093915525,290.708333333333,13.9116666458333,13.3699999166667,12.826249875,10.1970833333333,0.3335,0.341333333333333,0.322,0.328,0,4.0096722825,16.7622,2.47398,4,211.811
2016-05-24,17.015849,121715669.579888,-141.556769,-15.06074,0.125113,14.6533334375,76.5115582916667,962.767319583333,62.2083333333333,8.093915525,290.708333333333,13.9116666458333,13.3699999166667,12.826249875,10.1970833333333,0.3335,0.341333333333333,0.322,0.328,0,4.0096722825,16.7622,2.47398,0,205.4
2016-06-20,22.702884,125298589.579888,-44.492679,-4.018285,0.137742,18.2220838541667,69.5651109166667,970.565325833333,64.5833333333333,5.27641989041667,327.166666666667,16.8408336041667,15.7179167083333,15.0574997708333,12.4241666666667,0.365875,0.377125,0.325958333333333,0.326,0,5.112892409,21.4378,3.53875,0,219.554
2016-06-20,22.702884,125298589.579888,-44.492679,-4.018285,0.137742,18.2220838541667,69.5651109166667,970.565325833333,64.5833333333333,5.27641989041667,327.166666666667,16.8408336041667,15.7179167083333,15.0574997708333,12.4241666666667,0.365875,0.377125,0.325958333333333,0.326,0,5.112892409,21.4378,3.53875,4,229.129
2016-07-13,26.766131,116667589.579888,-5.487141,-0.645583,0.129818,19.709583875,72.047861625,966.776365833333,72.7083333333333,6.71660535833333,210.666666666667,20.3304170833333,20.49916725,19.8366671666667,14.7116665625,0.232791666666667,0.259291666666667,0.310708333333333,0.322,2.7,3.442258203,12.3841,3.00066,0,206.316
2016-07-13,26.766131,116667589.579888,-5.487141,-0.645583,0.129818,19.709583875,72.047861625,966.776365833333,72.7083333333333,6.71660535833333,210.666666666667,20.3304170833333,20.49916725,19.8366671666667,14.7116665625,0.232791666666667,0.259291666666667,0.310708333333333,0.322,2.7,3.442258203,12.3841,3.00066,3,213.893
2016-08-23,26.428382,97563589.579888,-83.827586,-6.115429,0.169969,21.7741669791667,59.2721975,971.469314583333,0.0416666666666667,5.48183259583333,283.625,20.9429172291667,20.8179175833333,20.1345835833333,17.8970833333333,0.206666666666667,0.249625,0.287083333333333,0.315,0,4.92833060513,6.2673,2.52566,0,164.104
2016-08-23,26.428382,97563589.579888,-83.827586,-6.115429,0.169969,21.7741669791667,59.2721975,971.469314583333,0.0416666666666667,5.48183259583333,283.625,20.9429172291667,20.8179175833333,20.1345835833333,17.8970833333333,0.206666666666667,0.249625,0.287083333333333,0.315,0,4.92833060513,6.2673,2.52566,2,180.506
2016-09-21,24.126585,86517469.579888,-102.017075,-12.882505,0.210852,18.1054168958333,79.419870375,964.725215416667,53.875,6.26649702083333,166,17.6012504375,17.23666725,18.3533345,19.0304170833333,0.360333333333333,0.332541666666667,0.261,0.31,0.9,2.678102093,5.13617,2.8577,0,179.007
2016-09-21,24.126585,86517469.579888,-102.017075,-12.882505,0.210852,18.1054168958333,79.419870375,964.725215416667,53.875,6.26649702083333,166,17.6012504375,17.23666725,18.3533345,19.0304170833333,0.360333333333333,0.332541666666667,0.261,0.31,0.9,2.678102093,5.13617,2.8577,5,189.914
2016-10-24,18.961638,91571125.579889,-60.575976,-6.532808,0.13037,17.9720836875,87.0317146666667,961.516884583333,85.7083333333333,3.5049679625,126.25,16.6762501041667,15.2616666458333,15.0554164375,17.7345840416667,0.383166666666667,0.386583333333333,0.32275,0.309,0.1,1.85675247,6.96904,4.02089,0,221.136
2016-10-24,18.961638,91571125.579889,-60.575976,-6.532808,0.13037,17.9720836875,87.0317146666667,961.516884583333,85.7083333333333,3.5049679625,126.25,16.6762501041667,15.2616666458333,15.0554164375,17.7345840416667,0.383166666666667,0.386583333333333,0.32275,0.309,0.1,1.85675247,6.96904,4.02089,5,222.885
2016-11-28,13.808329,106152125.579892,-7.719308,-2.008172,0.12734,8.76374994166667,89.3765974166667,959.716809583333,60.5,4.59401245,79.75,9.0345832375,9.4845831875,11.36375,14.96583325,0.395958333333333,0.406083333333333,0.370416666666667,0.31275,0,0.897580582,10.5793,3.87606,5,186.417
2016-11-28,13.808329,106152125.579892,-7.719308,-2.008172,0.12734,8.76374994166667,89.3765974166667,959.716809583333,60.5,4.59401245,79.75,9.0345832375,9.4845831875,11.36375,14.96583325,0.395958333333333,0.406083333333333,0.370416666666667,0.31275,0,0.897580582,10.5793,3.87606,0,189.831
2017-01-18,7.861878,87820125.579893,-25.597476,-6.822447,0.447807,0.707499979166667,51.5111430416667,966.214033333333,46.5,5.1702421625,109.416666666667,-0.302916663708333,1.08458333,4.64083328333333,9.43041666666667,0.3175,0.324708333333333,0.333416666666667,0.324,0,1.2027730761,2.97243,2.38691,0,201.32
2017-01-18,7.861878,87820125.579893,-25.597476,-6.822447,0.447807,0.707499979166667,51.5111430416667,966.214033333333,46.5,5.1702421625,109.416666666667,-0.302916663708333,1.08458333,4.64083328333333,9.43041666666667,0.3175,0.324708333333333,0.333416666666667,0.324,0,1.2027730761,2.97243,2.38691,5,202.819
2017-02-15,11.501471,106370125.579894,-23.066701,-4.852659,0.423511,10.7158332291667,92.77323225,978.712822083333,81.0416666666667,6.749605225,85.7083333333333,10.451249875,9.30124991666667,7.85958330833333,7.92,0.405458333333333,0.410416666666667,0.373583333333333,0.327666666666667,1,1.092710798,19.2719,3.00984,0,278.085
2017-02-15,11.501471,106370125.579894,-23.066701,-4.852659,0.423511,10.7158332291667,92.77323225,978.712822083333,81.0416666666667,6.749605225,85.7083333333333,10.451249875,9.30124991666667,7.85958330833333,7.92,0.405458333333333,0.410416666666667,0.373583333333333,0.327666666666667,1,1.092710798,19.2719,3.00984,5,231.793
2017-03-08,11.66573,102827125.579894,-9.72423,-0.415165,0.133899,11.6741666625,84.3486035,971.772427083333,83.5833333333333,4.327375375,156.375,10.4512499333333,8.70958327083333,8.15958333333333,8.0199995,0.35175,0.365,0.3605,0.333,0,2.097265776,13.7177,2.41171,0,262.682
2017-03-08,11.66573,102827125.579894,-9.72423,-0.415165,0.133899,11.6741666625,84.3486035,971.772427083333,83.5833333333333,4.327375375,156.375,10.4512499333333,8.70958327083333,8.15958333333333,8.0199995,0.35175,0.365,0.3605,0.333,0,2.097265776,13.7177,2.41171,3,253.524
2017-03-08,11.66573,102827125.579894,-9.72423,-0.415165,0.133899,11.6741666625,84.3486035,971.772427083333,83.5833333333333,4.327375375,156.375,10.4512499333333,8.70958327083333,8.15958333333333,8.0199995,0.35175,0.365,0.3605,0.333,0,2.097265776,13.7177,2.41171,5,256.105
2017-03-27,12.214513,113202125.579894,-18.140139,-2.963384,0.131864,9.6491665875,80.6644046666667,967.8888125,54.75,4.6759849,155.125,9.09291655416667,8.74083325,9.1991665625,8.54708310416667,0.376458333333333,0.387666666666667,0.35075,0.333,0.9,2.007437493,21.0949,3.31488,5,259.019
2017-03-27,12.214513,113202125.579894,-18.140139,-2.963384,0.131864,9.6491665875,80.6644046666667,967.8888125,54.75,4.6759849,155.125,9.09291655416667,8.74083325,9.1991665625,8.54708310416667,0.376458333333333,0.387666666666667,0.35075,0.333,0.9,2.007437493,21.0949,3.31488,0,234.125
2017-05-10,17.47054,143868125.579892,-0.676787,-0.079554,0.157276,14.7491669791667,79.8569874583333,954.473644166667,64.8333333333333,6.95234854166667,291.375,14.2720836458333,13.492916625,11.9012499791667,9.895,0.266083333333333,0.298333333333333,0.316708333333333,0.329,0,3.960840235,13.5349,2.36867,0,191.995
2017-05-10,17.47054,143868125.579892,-0.676787,-0.079554,0.157276,14.7491669791667,79.8569874583333,954.473644166667,64.8333333333333,6.95234854166667,291.375,14.2720836458333,13.492916625,11.9012499791667,9.895,0.266083333333333,0.298333333333333,0.316708333333333,0.329,0,3.960840235,13.5349,2.36867,5,195.909
2017-06-12,24.676509,141013125.579892,-0.92843,-0.019437,0.164838,23.7575006666667,63.7995429166667,966.281986666667,6.75,5.4275277625,327.75,22.6616672083333,21.1575004166667,17.147084125,12.7137498958333,0.203958333333333,0.253458333333333,0.278833333333333,0.323,0,5.7325930735,10.6,2.76979,5,211.062
2017-06-12,24.676509,141013125.579892,-0.92843,-0.019437,0.164838,23.7575006666667,63.7995429166667,966.281986666667,6.75,5.4275277625,327.75,22.6616672083333,21.1575004166667,17.147084125,12.7137498958333,0.203958333333333,0.253458333333333,0.278833333333333,0.323,0,5.7325930735,10.6,2.76979,0,227.547
2017-06-29,25.600942,124395125.579892,-169.85952,-18.188059,0.13271,19.3887502708333,59.9247766666667,957.034947083333,26.875,7.540695525,318.75,19.6887504375,20.1554177916667,20.3179172916667,15.0220831458333,0.217416666666667,0.214166666666667,0.270291666666667,0.317875,0.2,5.4409955241,7.99389,2.32503,0,259.852
2017-06-29,25.600942,124395125.579892,-169.85952,-18.188059,0.13271,19.3887502708333,59.9247766666667,957.034947083333,26.875,7.540695525,318.75,19.6887504375,20.1554177916667,20.3179172916667,15.0220831458333,0.217416666666667,0.214166666666667,0.270291666666667,0.317875,0.2,5.4409955241,7.99389,2.32503,5,249.361
2017-07-25,27.237088,117861382.523892,-16.947436,-1.892139,0.163503,20.5241671666667,82.1573810833333,963.917099583333,86.2916666666667,4.95014084583333,193.791666666667,21.232500625,21.1845837083333,20.7762509166667,17.3637505,0.263291666666667,0.213875,0.251125,0.311291666666667,10.9,3.176851229,21.4548,5.42799,3,253.357
2017-07-25,27.237088,117861382.523892,-16.947436,-1.892139,0.163503,20.5241671666667,82.1573810833333,963.917099583333,86.2916666666667,4.95014084583333,193.791666666667,21.232500625,21.1845837083333,20.7762509166667,17.3637505,0.263291666666667,0.213875,0.251125,0.311291666666667,10.9,3.176851229,21.4548,5.42799,0,238.87
2017-08-22,27.84748,112661125.579892,-191.074569,-14.713548,0.21527,23.1095839166667,77.1962240416667,966.779661666667,10.8333333333333,7.544204325,280.083333333333,22.7887505,22.0991672083333,21.1512500833333,19.2533336666667,0.210041666666667,0.238708333333333,0.248083333333333,0.305,0,4.850123759,4.56498,2.54073,0,233.625
2017-08-22,27.84748,112661125.579892,-191.074569,-14.713548,0.21527,23.1095839166667,77.1962240416667,966.779661666667,10.8333333333333,7.544204325,280.083333333333,22.7887505,22.0991672083333,21.1512500833333,19.2533336666667,0.210041666666667,0.238708333333333,0.248083333333333,0.305,0,4.850123759,4.56498,2.54073,5,230.961
2017-09-20,23.663413,102271125.579891,-143.457866,-21.232021,0.127075,15.7595834791667,80.817517,968.18034,32.5416666666667,5.27849775833333,168.5,15.5179170208333,15.6366668125,17.0825010833333,19.5366673333333,0.372875,0.366833333333333,0.297875,0.303,0.6,2.498397424,8.65006,4.10673,0,213.227
2017-09-20,23.663413,102271125.579891,-143.457866,-21.232021,0.127075,15.7595834791667,80.817517,968.18034,32.5416666666667,5.27849775833333,168.5,15.5179170208333,15.6366668125,17.0825010833333,19.5366673333333,0.372875,0.366833333333333,0.297875,0.303,0.6,2.498397424,8.65006,4.10673,5,237.455
2017-10-24,20.303714,93444125.579891,-86.455895,-12.096707,0.130656,14.7366669791667,79.3014832916667,970.85510125,27.875,5.4029147375,154.916666666667,13.7262500208333,14.0637499166667,16.4075011666667,18.320002,0.364333333333333,0.373875,0.328416666666667,0.304,0,2.230198495,7.16221,3.86877,0,203.152
2017-10-24,20.303714,93444125.579891,-86.455895,-12.096707,0.130656,14.7366669791667,79.3014832916667,970.85510125,27.875,5.4029147375,154.916666666667,13.7262500208333,14.0637499166667,16.4075011666667,18.320002,0.364333333333333,0.373875,0.328416666666667,0.304,0,2.230198495,7.16221,3.86877,5,206.066
2018-01-16,6.966774,76231125.579891,-42.480375,-0.876215,0.127526,7.72833328333333,78.759656625,965.355887083333,7.75,7.69139238333333,105.625,6.54083325833333,4.95541658333333,6.13666666666667,9.36375,0.365083333333333,0.368,0.311583333333333,0.304,0,1.2555231514,4.24434,4.37662,0,192.911
2018-01-16,6.966774,76231125.579891,-42.480375,-0.876215,0.127526,7.72833328333333,78.759656625,965.355887083333,7.75,7.69139238333333,105.625,6.54083325833333,4.95541658333333,6.13666666666667,9.36375,0.365083333333333,0.368,0.311583333333333,0.304,0,1.2555231514,4.24434,4.37662,5,189.997
2018-02-07,6.559071,81265125.579891,-19.749483,-5.954041,0.317229,3.213749999375,77.5259117083333,958.057247083333,48,4.95849405,101.666666666667,3.55124997916667,3.86374999166667,5.85958324583333,8.30333316666667,0.395708333333333,0.405583333333333,0.370208333333333,0.305,0.6,1.045155968,25.8888,4.71443,0,378.746
2018-02-07,6.559071,81265125.579891,-19.749483,-5.954041,0.317229,3.213749999375,77.5259117083333,958.057247083333,48,4.95849405,101.666666666667,3.55124997916667,3.86374999166667,5.85958324583333,8.30333316666667,0.395708333333333,0.405583333333333,0.370208333333333,0.305,0.6,1.045155968,25.8888,4.71443,3,378.579
2018-03-06,7.350108,117591125.579891,-83.296573,-4.740059,0.176167,8.27624997083333,70.025743,943.61965875,16.5,9.2636931875,200.375,7.7179165875,6.56791662916667,6.40333333333333,6.97,0.394291666666667,0.405625,0.39,0.325666666666667,0,2.616197802,50.2252,3.30452,5,259.269
2018-03-06,7.350108,117591125.579891,-83.296573,-4.740059,0.176167,8.27624997083333,70.025743,943.61965875,16.5,9.2636931875,200.375,7.7179165875,6.56791662916667,6.40333333333333,6.97,0.394291666666667,0.405625,0.39,0.325666666666667,0,2.616197802,50.2252,3.30452,0,271.508
2018-04-03,9.858026,125926125.579889,-31.911534,6.300487,0.481774,11.8491667583333,81.363478875,955.662352916667,56.4583333333333,7.44156659583333,240.333333333333,10.7970832166667,9.20958321666667,7.763749975,7.0699997,0.332625,0.354375,0.373833333333333,0.336916666666667,0,3.02209891,18.265,2.31563,5,231.46
2018-04-03,9.858026,125926125.579889,-31.911534,6.300487,0.481774,11.8491667583333,81.363478875,955.662352916667,56.4583333333333,7.44156659583333,240.333333333333,10.7970832166667,9.20958321666667,7.763749975,7.0699997,0.332625,0.354375,0.373833333333333,0.336916666666667,0,3.02209891,18.265,2.31563,0,225.133
2018-05-22,19.227366,156560125.57989,-12.339201,-1.968624,0.161564,15.6345835208333,87.0935920833333,962.374095416667,78.1666666666667,4.33836187916667,228.333333333333,15.0616669791667,14.3116665625,12.9616666041667,10.0595832083333,0.387375,0.3745,0.396125,0.355666666666667,9.4,3.330105906,49.2472,1.54065,0,205.733
2018-05-22,19.227366,156560125.57989,-12.339201,-1.968624,0.161564,15.6345835208333,87.0935920833333,962.374095416667,78.1666666666667,4.33836187916667,228.333333333333,15.0616669791667,14.3116665625,12.9616666041667,10.0595832083333,0.387375,0.3745,0.396125,0.355666666666667,9.4,3.330105906,49.2472,1.54065,5,217.223
2018-06-12,20.443306,158474125.579888,-155.080236,-13.625888,0.144689,19.2491670208333,78.3522041666667,959.620914166667,82.2083333333333,8.00223024166667,245.916666666667,18.7950009166667,17.7512506666667,15.60125,11.7804163958333,0.382416666666667,0.38,0.381416666666667,0.361,0.2,3.875870726,33.7264,2.14349,3,237.372
2018-06-12,20.443306,158474125.579888,-155.080236,-13.625888,0.144689,19.2491670208333,78.3522041666667,959.620914166667,82.2083333333333,8.00223024166667,245.916666666667,18.7950009166667,17.7512506666667,15.60125,11.7804163958333,0.382416666666667,0.38,0.381416666666667,0.361,0.2,3.875870726,33.7264,2.14349,0,234.707
2018-06-12,20.443306,158474125.579888,-155.080236,-13.625888,0.144689,19.2491670208333,78.3522041666667,959.620914166667,82.2083333333333,8.00223024166667,245.916666666667,18.7950009166667,17.7512506666667,15.60125,11.7804163958333,0.382416666666667,0.38,0.381416666666667,0.361,0.2,3.875870726,33.7264,2.14349,5,225.133
2018-07-04,26.374961,159674125.579887,-115.546257,-8.371006,0.126867,22.7720839583333,71.2598220833333,964.158945833333,4.875,7.393627825,338.833333333333,22.06375075,21.3262506666667,18.8137505833333,14.0845832708333,0.245125,0.278916666666667,0.334958333333333,0.358,0,5.757700938,24.346,2.25255,5,224.05
2018-07-04,26.374961,159674125.579887,-115.546257,-8.371006,0.126867,22.7720839583333,71.2598220833333,964.158945833333,4.875,7.393627825,338.833333333333,22.06375075,21.3262506666667,18.8137505833333,14.0845832708333,0.245125,0.278916666666667,0.334958333333333,0.358,0,5.757700938,24.346,2.25255,0,245.781
2018-07-04,26.374961,159674125.579887,-115.546257,-8.371006,0.126867,22.7720839583333,71.2598220833333,964.158945833333,4.875,7.393627825,338.833333333333,22.06375075,21.3262506666667,18.8137505833333,14.0845832708333,0.245125,0.278916666666667,0.334958333333333,0.358,0,5.757700938,24.346,2.25255,2,258.353
2018-07-25,27.208203,153013125.579887,-40.033293,-3.102216,0.146291,24.4470838333333,73.5324792916667,964.20255625,41.0833333333333,4.27548262916667,272.75,23.2450004166667,22.1783340416667,19.8158336666667,16.2866674583333,0.3325,0.354125,0.315041666666667,0.353,0.3,4.859786632,23.5853,2.09446,5,276.92
2018-07-25,27.208203,153013125.579887,-40.033293,-3.102216,0.146291,24.4470838333333,73.5324792916667,964.20255625,41.0833333333333,4.27548262916667,272.75,23.2450004166667,22.1783340416667,19.8158336666667,16.2866674583333,0.3325,0.354125,0.315041666666667,0.353,0.3,4.859786632,23.5853,2.09446,0,311.889
2018-07-25,27.208203,153013125.579887,-40.033293,-3.102216,0.146291,24.4470838333333,73.5324792916667,964.20255625,41.0833333333333,4.27548262916667,272.75,23.2450004166667,22.1783340416667,19.8158336666667,16.2866674583333,0.3325,0.354125,0.315041666666667,0.353,0.3,4.859786632,23.5853,2.09446,2,304.562
2018-09-04,25.797321,147036125.57989,-40.011429,-4.706366,0.148711,20.5575004583333,86.6703789583333,962.804880416667,68.2083333333333,5.26179042916667,147.625,20.3804175416667,20.0325007916667,19.8720833333333,19.12,0.40875,0.398916666666667,0.341333333333333,0.345,2.4,2.439264335,16.2174,2.13938,0,341.695
2018-09-04,25.797321,147036125.57989,-40.011429,-4.706366,0.148711,20.5575004583333,86.6703789583333,962.804880416667,68.2083333333333,5.26179042916667,147.625,20.3804175416667,20.0325007916667,19.8720833333333,19.12,0.40875,0.398916666666667,0.341333333333333,0.345,2.4,2.439264335,16.2174,2.13938,2,334.951
2018-09-04,25.797321,147036125.57989,-40.011429,-4.706366,0.148711,20.5575004583333,86.6703789583333,962.804880416667,68.2083333333333,5.26179042916667,147.625,20.3804175416667,20.0325007916667,19.8720833333333,19.12,0.40875,0.398916666666667,0.341333333333333,0.345,2.4,2.439264335,16.2174,2.13938,5,329.456
2018-10-24,18.592096,140331125.579888,-158.629638,-14.034715,0.131656,16.5033336458333,74.1151859166667,967.47333875,5.08333333333333,5.96606170416667,160.125,15.080416875,14.92208325,16.655417125,18.4845840416667,0.343,0.356666666666667,0.396208333333333,0.363,0,2.445589683,28.6781,1.94694,0,268.594
2019-01-15,8.812173,145365125.57989,-24.721884,-5.740449,0.256389,6.05124993333333,84.0061034583333,967.15146875,9.08333333333333,3.8248098625,94.9583333333333,4.66166659166667,4.47624997083333,5.68875,10.4762498333333,0.283916666666667,0.296458333333333,0.327166666666667,0.383,0,1.0742534002,13.7768,2.16293,0,243.033
2019-01-15,8.812173,145365125.57989,-24.721884,-5.740449,0.256389,6.05124993333333,84.0061034583333,967.15146875,9.08333333333333,3.8248098625,94.9583333333333,4.66166659166667,4.47624997083333,5.68875,10.4762498333333,0.283916666666667,0.296458333333333,0.327166666666667,0.383,0,1.0742534002,13.7768,2.16293,5,246.863
2019-02-20,7.551601,150549125.579892,-13.710556,-1.317475,0.183855,7.98666655416667,84.4935789583333,971.46565,55.9166666666667,4.647901525,83.5833333333333,7.32833325416667,6.98041661666667,6.25124995,7.86791665416667,0.289166666666667,0.304541666666667,0.31075,0.374,0,1.134173914,11.1715,2.16386,0,229.545
2019-02-20,7.551601,150549125.579892,-13.710556,-1.317475,0.183855,7.98666655416667,84.4935789583333,971.46565,55.9166666666667,4.647901525,83.5833333333333,7.32833325416667,6.98041661666667,6.25124995,7.86791665416667,0.289166666666667,0.304541666666667,0.31075,0.374,0,1.134173914,11.1715,2.16386,2,232.21
2019-03-27,12.566333,128940125.579894,-16.368679,-1.941259,0.259965,9.511666625,52.5799293333333,971.123065,0.416666666666667,5.32748572083333,256.333333333333,8.6304166625,8.91583321666667,9.11791666666667,8.145,0.2235,0.267958333333333,0.275083333333333,0.363,0,3.47856429873,12.5371,2.28765,0,257.52
2019-03-27,12.566333,128940125.579894,-16.368679,-1.941259,0.259965,9.511666625,52.5799293333333,971.123065,0.416666666666667,5.32748572083333,256.333333333333,8.6304166625,8.91583321666667,9.11791666666667,8.145,0.2235,0.267958333333333,0.275083333333333,0.363,0,3.47856429873,12.5371,2.28765,5,260.185
2019-04-16,13.767369,109713125.579894,-40.313934,-7.894603,0.13615,10.6762499458333,82.7625758333333,966.784879166667,86.875,5.02386670416667,118.541666666667,10.0304165541667,9.5345831875,9.10125,8.42,0.340458333333333,0.344166666666667,0.286666666666667,0.357458333333333,0.7,1.6376166815,14.5421,2.21026,3,254.44
2019-04-16,13.767369,109713125.579894,-40.313934,-7.894603,0.13615,10.6762499458333,82.7625758333333,966.784879166667,86.875,5.02386670416667,118.541666666667,10.0304165541667,9.5345831875,9.10125,8.42,0.340458333333333,0.344166666666667,0.286666666666667,0.357458333333333,0.7,1.6376166815,14.5421,2.21026,0,254.107
2019-05-14,16.720196,121810125.579894,-53.745071,-4.713257,0.129108,14.4116669583333,67.548641,965.40240625,6.29166666666667,6.92861762791667,328.583333333333,13.7804166666667,13.401249875,11.97833325,9.567916625,0.268208333333333,0.291791666666667,0.281791666666667,0.351,0,4.660451171,17.3213,2.32681,0,242.867
2019-05-14,16.720196,121810125.579894,-53.745071,-4.713257,0.129108,14.4116669583333,67.548641,965.40240625,6.29166666666667,6.92861762791667,328.583333333333,13.7804166666667,13.401249875,11.97833325,9.567916625,0.268208333333333,0.291791666666667,0.281791666666667,0.351,0,4.660451171,17.3213,2.32681,5,253.108
2019-06-12,19.254574,124818125.579893,-185.080906,-25.618056,0.126812,14.2304168125,77.7073557083333,962.726335416667,44.2083333333333,8.34794769166667,312.416666666667,14.7033335416667,14.3824999583333,14.6324999375,11.4220833333333,0.354333333333333,0.304083333333333,0.278,0.344,0,4.313117356,22.0688,2.35619,0,219.721
2019-07-08,26.51076,110780125.579894,-140.847473,-9.073379,0.127104,24.3241674166667,73.068263875,962.94401375,79.6666666666667,6.03775145,226.875,24.8616669583333,24.0887504583333,20.90750025,14.4449999166667,0.182541666666667,0.20925,0.260666666666667,0.335,2.9,4.1403745314,14.0574,2.11382,0,291.24
2019-07-08,26.51076,110780125.579894,-140.847473,-9.073379,0.127104,24.3241674166667,73.068263875,962.94401375,79.6666666666667,6.03775145,226.875,24.8616669583333,24.0887504583333,20.90750025,14.4449999166667,0.182541666666667,0.20925,0.260666666666667,0.335,2.9,4.1403745314,14.0574,2.11382,5,283.914
2019-08-21,26.395977,113699125.579894,-10.119965,-0.902856,0.128282,21.4825002708333,75.0650666666667,968.831935416667,60.25,4.61920815,269.958333333333,21.028334,20.6595840416667,20.81375025,18.58875125,0.232375,0.251708333333333,0.270583333333333,0.3245,0,4.484545899,9.1161,2.26401,0,350.854
2019-08-21,26.395977,113699125.579894,-10.119965,-0.902856,0.128282,21.4825002708333,75.0650666666667,968.831935416667,60.25,4.61920815,269.958333333333,21.028334,20.6595840416667,20.81375025,18.58875125,0.232375,0.251708333333333,0.270583333333333,0.3245,0,4.484545899,9.1161,2.26401,5,345.109
2019-09-24,22.425755,102032125.579893,-90.649732,-7.909798,0.138083,19.6075004583333,72.9728299166667,963.686071666667,13.7083333333333,7.06510453333333,216.625,18.4137507291667,18.3283337916667,19.0345839583333,19.220001,0.341333333333333,0.352541666666667,0.296875,0.319,0,3.625352518,7.66662,2.64971,0,228.463
2019-09-24,22.425755,102032125.579893,-90.649732,-7.909798,0.138083,19.6075004583333,72.9728299166667,963.686071666667,13.7083333333333,7.06510453333333,216.625,18.4137507291667,18.3283337916667,19.0345839583333,19.220001,0.341333333333333,0.352541666666667,0.296875,0.319,0,3.625352518,7.66662,2.64971,5,221.552
2019-10-02,22.049382,94350125.579893,-22.704625,-3.196849,0.152869,17.1491668958333,91.1351390416667,961.364752083333,51.0833333333333,4.69719165,148.208333333333,18.3450005416667,18.772083875,18.84291775,19.17,0.406416666666667,0.360458333333333,0.292958333333333,0.318,21,2.1625754087,5.96361,2.34893,0,228.13
2019-10-02,22.049382,94350125.579893,-22.704625,-3.196849,0.152869,17.1491668958333,91.1351390416667,961.364752083333,51.0833333333333,4.69719165,148.208333333333,18.3450005416667,18.772083875,18.84291775,19.17,0.406416666666667,0.360458333333333,0.292958333333333,0.318,21,2.1625754087,5.96361,2.34893,5,232.293
2019-10-16,20.028364,89418125.579893,-354.946357,-51.909447,0.1324,13.8450002291667,71.2594341666667,965.086073333333,21.25,8.93830654583333,172.083333333333,13.2137500833333,14.9616666041667,17.5950005833333,18.820002,0.358125,0.358041666666667,0.309,0.317958333333333,0,2.6505513109,5.01021,2.287,0,220.803
2019-10-16,20.028364,89418125.579893,-354.946357,-51.909447,0.1324,13.8450002291667,71.2594341666667,965.086073333333,21.25,8.93830654583333,172.083333333333,13.2137500833333,14.9616666041667,17.5950005833333,18.820002,0.358125,0.358041666666667,0.309,0.317958333333333,0,2.6505513109,5.01021,2.287,5,214.226
2019-11-06,15.491275,105717125.579893,-97.136705,-19.459112,0.135905,9.74916655833333,74.6917585,956.408925416667,9.33333333333333,5.17602191583333,127.25,9.784583175,11.3595831458333,14.9095832083333,17.670000125,0.335625,0.347958333333333,0.376708333333333,0.333,0,1.59818511758,12.9199,2.27278,5,245.448
2019-11-06,15.491275,105717125.579893,-97.136705,-19.459112,0.135905,9.74916655833333,74.6917585,956.408925416667,9.33333333333333,5.17602191583333,127.25,9.784583175,11.3595831458333,14.9095832083333,17.670000125,0.335625,0.347958333333333,0.376708333333333,0.333,0,1.59818511758,12.9199,2.27278,0,246.946
2019-12-10,10.376353,128403125.579889,-66.098314,-12.861247,0.421258,6.0220833,70.5417554583333,968.97882625,30.9166666666667,4.5644212875,97.6666666666667,4.85541664166667,6.16791660416667,9.62208314583333,13.7324998125,0.3675,0.377625,0.399208333333333,0.3475,0,1.0730353225,9.153,1.52228,0,242.45
2020-01-08,8.875209,108008125.579887,-9.994233,-1.818169,0.303594,7.05333320833333,77.48810325,975.842180416667,6.375,4.36041892916667,95.4583333333333,4.6220833,5.35958325833333,7.1324999875,11.303333125,0.32575,0.338166666666667,0.367416666666667,0.357,0,1.08452772107,3.6966,2.37116,0,261.434
2020-01-08,8.875209,108008125.579887,-9.994233,-1.818169,0.303594,7.05333320833333,77.48810325,975.842180416667,6.375,4.36041892916667,95.4583333333333,4.6220833,5.35958325833333,7.1324999875,11.303333125,0.32575,0.338166666666667,0.367416666666667,0.357,0,1.08452772107,3.6966,2.37116,5,271.508
2020-07-22,25.793107,149666571.971291,-44.663462,-2.625572,0.177144,22.749167,72.0227289583333,968.130641666667,45.1666666666667,6.21082707916667,302.083333333333,21.953333875,21.386666875,19.3533346666667,16.07625125,0.300791666666667,0.333833333333333,0.343416666666667,0.359,0,5.18536362148,18.7774,1.9073,5,242.45
2020-07-22,25.793107,149666571.971291,-44.663462,-2.625572,0.177144,22.749167,72.0227289583333,968.130641666667,45.1666666666667,6.21082707916667,302.083333333333,21.953333875,21.386666875,19.3533346666667,16.07625125,0.300791666666667,0.333833333333333,0.343416666666667,0.359,0,5.18536362148,18.7774,1.9073,0,303.729
2020-07-22,25.793107,149666571.971291,-44.663462,-2.625572,0.177144,22.749167,72.0227289583333,968.130641666667,45.1666666666667,6.21082707916667,302.083333333333,21.953333875,21.386666875,19.3533346666667,16.07625125,0.300791666666667,0.333833333333333,0.343416666666667,0.359,0,5.18536362148,18.7774,1.9073,2,293.488
2020-09-16,23.567145,136007571.97129,-49.682739,-4.921482,0.143797,20.9595839375,81.3162370416667,967.9174475,52.5416666666667,4.4219855125,199.666666666667,20.4116669583333,20.4012506666667,19.5783345,19.27,0.288375,0.314625,0.298416666666667,0.347,0.7,3.313112029,10.4228,2.04124,0,224.966
2020-09-16,23.567145,136007571.97129,-49.682739,-4.921482,0.143797,20.9595839375,81.3162370416667,967.9174475,52.5416666666667,4.4219855125,199.666666666667,20.4116669583333,20.4012506666667,19.5783345,19.27,0.288375,0.314625,0.298416666666667,0.347,0.7,3.313112029,10.4228,2.04124,3,217.389
2020-12-03,12.181633,125539571.971291,-171.999378,-42.855441,0.141392,5.23458328125,69.7866226666667,955.013124166667,49.4166666666667,6.7919223,92.1666666666667,5.0116666125,6.2262499625,10.4949998958333,14.2199998958333,0.381,0.3885,0.364,0.344,0,1.164636127,12.3146,2.03736,5,199.489
2020-12-03,12.181633,125539571.971291,-171.999378,-42.855441,0.141392,5.23458328125,69.7866226666667,955.013124166667,49.4166666666667,6.7919223,92.1666666666667,5.0116666125,6.2262499625,10.4949998958333,14.2199998958333,0.381,0.3885,0.364,0.344,0,1.164636127,12.3146,2.03736,0,191.829
